Player,Player Role,Inns,Runs,Balls,Outs,Avg,Strike rate,Fours,Sixes,Half centuries,Centuries,Dots,Dots %,Boundary Runs %,Boundary Rate,Dots Rate,Out Rate,Six Runs %,Six Rate,Non-boundary SR,Player Strengths,Player Weaknesses
Connor MacDougall,Middle Order,109,3179,2122,92,34.55,149.81,220,220,23,2,814,38.36%,69.20%,4.82,2.61,23.07,41.52%,9.65,58.2,"Outside Off, Hook, SlogSweep, Mid Wicket, Fine Leg","Wide Off, Back Foot, Backs Away, Point"
Angus Rutherford,Top-Order,102,3167,2079,92,34.42,152.33,298,160,19,4,754,36.27%,67.95%,4.54,2.76,22.6,30.31%,12.99,62.62,"Half Volley, Seam Away, Slower Ball, Flick, Sweep, Fine Leg","Back of Length, Left-arm, Off Cutter, SlogSweep, Mid Wicket"
Douglas Laing,Top-Order,85,2597,2049,70,37.1,126.74,191,111,15,3,725,35.38%,55.06%,6.78,2.83,29.27,25.64%,18.46,66.8,"Outside Off, Back Foot, Seam Away, Drive, Sweep, Point, Square Leg","Down The Track, Moves Front, Off Cutter, Slower Ball, Slog, SlogSweep, Mid Wicket"
Ruaridh Cameron,Top-Order,96,2874,1991,89,32.29,144.35,336,76,21,3,621,31.19%,62.63%,4.83,3.21,22.37,15.87%,26.2,68.02,"Length Delivery, Down The Track, Googly, Leg Break, SlogSweep","Back of Length, On Stumps, Outside Off, Out Swing"
Cameron Gillespie,Top-Order,94,3095,1962,80,38.69,157.75,288,152,25,1,632,32.21%,66.69%,4.46,3.1,24.53,29.47%,12.91,67.74,"Short Length, Outside Off, Back Foot, Hook, Pull, Point","Full Toss, Backs Away, In Swing, Drive, Slog, Long Off"
Murray Jardine,Middle Order,90,2521,1758,85,29.66,143.4,208,139,18,3,663,37.71%,66.08%,5.07,2.65,20.68,33.08%,12.65,60.6,"Full Toss, Length Delivery, Outside Leg, Flick, Square Leg","Back of Length, Wide Off, Off Cutter, Slower Ball, Point"
Kenneth Wishart,Middle Order,86,2349,1674,65,36.14,140.32,172,107,14,0,489,29.21%,56.62%,6.0,3.42,25.75,27.33%,15.64,73.05,"On Stumps, Outside Leg, Backs Away, Off Break, Flick, Hook, Fine Leg","Back of Length, Left-arm, Off Cutter, Seam Away, Cut, Point, Third Man"
Torquil Findlay,Top-Order,69,2650,1671,66,40.15,158.59,243,163,19,4,638,38.18%,73.58%,4.12,2.62,25.32,36.91%,10.25,55.34,"Back of Length, Full Toss, On Stumps, Outside Off, Slower Ball, Square Leg","Length Delivery, Wide Off, Front Foot, Right-arm, Off Break, Seam Away, Point"
Mungo MacIver,Middle Order,111,2237,1661,92,24.32,134.68,186,98,5,0,553,33.29%,59.54%,5.85,3.0,18.05,26.29%,16.95,65.72,"Half Volley, Down The Track, Front Foot, In Swing, Drive, Long Off","Outside Leg, Back Foot, SlogSweep, Third Man"
Leslie Lauder,Top-Order,74,2391,1657,71,33.68,144.3,223,122,17,4,671,40.49%,67.92%,4.8,2.47,23.34,30.61%,13.58,58.46,"Length Delivery, Yorker, Off Break, Slower Ball, Drive, Sweep, Covers","Back of Length, Back Foot, Left-arm, Seam Away, Cut, Hook"
Niall MacKay,Top-Order,83,2389,1614,78,30.63,148.02,233,105,16,1,566,35.07%,65.38%,4.78,2.85,20.69,26.37%,15.37,64.81,"Outside Off, Down The Track, Out Swing, Sweep, Covers, Third Man","Back of Length, Short Length, Back Foot, Hook, Pull"
Jamie MacLeod,Power-Hitter,112,2616,1574,95,27.54,166.2,172,175,12,2,493,31.32%,66.44%,4.54,3.19,16.57,40.14%,8.99,71.56,"Short Length, Down The Track, Slog, SlogSweep, Mid Wicket","Outside Off, Wide Off, Backs Away, Seam Away, Third Man"
Maxwell Morrison,Power-Hitter,108,2339,1569,83,28.18,149.08,169,151,10,0,605,38.56%,67.64%,4.9,2.59,18.9,38.73%,10.39,60.61,"Back of Length, Length Delivery, Outside Off, Hook, Sweep, Covers, Long Off","Full Toss, Yorker, Backs Away, Slower Ball, Flick, Third Man"
Stewart Cairns,Power-Hitter,99,2146,1448,74,29.0,148.2,139,144,8,0,531,36.67%,66.17%,5.12,2.73,19.57,40.26%,10.06,62.32,"Full Toss, Slog, Mid Wicket, Long Off","Yorker, Right-arm, Hook, Fine Leg"
Rabbie MacDonald,Top-Order,80,2333,1435,68,34.31,162.58,132,183,11,2,490,34.15%,69.70%,4.56,2.93,21.1,47.06%,7.84,63.13,"Back of Length, Leg Break, Off Cutter, Pull, Mid Wicket","Length Delivery, Front Foot, Covers, Third Man"
Grant MacLean,Middle Order,80,2094,1434,69,30.35,146.03,209,87,11,2,458,31.94%,64.85%,4.84,3.13,20.78,24.93%,16.48,64.67,"Length Delivery, Down The Track, Moves Front, Leg Break, Seam Away, SlogSweep","Full Toss, On Stumps, Backs Away, Cut, Pull"
Bruce Hendry,Top-Order,78,2202,1434,66,33.36,153.56,161,116,13,1,412,28.73%,60.85%,5.18,3.48,21.73,31.61%,12.36,74.5,"Length Delivery, Short Length, Off Cutter, Drive, Hook, Long On","Outside Off, Wide Off, Out Swing, Seam Away, Cut, Third Man"
Sandy Oliphant,Top-Order,75,1930,1433,70,27.57,134.68,189,71,12,1,417,29.10%,61.24%,5.51,3.44,20.47,22.07%,20.18,63.77,"Full Toss, Back Foot, Leg Break, Point","Length Delivery, Yorker, Left-arm, Fine Leg"
Davie Thomson,Middle Order,71,2075,1433,60,34.58,144.8,185,105,13,2,522,36.43%,66.02%,4.94,2.75,23.88,30.36%,13.65,61.68,"Wide Off, Backs Away, Front Foot, Cut, Long On","Short Length, Left-arm, Pull, Sweep, Square Leg"
Lennox Weir,Top-Order,71,2378,1431,62,38.35,166.18,210,150,14,3,512,35.78%,73.17%,3.98,2.79,23.08,37.85%,9.54,59.57,"Length Delivery, Down The Track, Off Break, Slower Ball, Covers","Outside Leg, Left-arm, Pull, Fine Leg"
Alasdair Gray,Top-Order,81,2908,1430,78,37.28,203.36,283,204,19,5,444,31.05%,81.02%,2.94,3.22,18.33,42.09%,7.01,58.54,"Half Volley, Short Length, Back Foot, Front Foot, In Swing, Out Swing, Covers","Full Toss, Off Break, Off Cutter, Slog, Sweep, Mid Wicket, Long On"
Duncan Wallace,Top-Order,68,1968,1417,64,30.75,138.88,196,78,14,1,530,37.40%,63.62%,5.17,2.67,22.14,23.78%,18.17,62.64,"Back of Length, On Stumps, Off Break, Hook, Square Leg, Mid Wicket","Half Volley, Outside Leg, Wide Off, Backs Away, Seam Away, Third Man"
Leslie Colquhoun,Middle Order,78,2203,1408,76,28.99,156.46,172,141,14,2,555,39.42%,69.63%,4.5,2.54,18.53,38.40%,9.99,61.1,"Full Toss, Outside Leg, Backs Away, Right-arm, Fine Leg","Outside Off, Moves Front, Leg Break, Covers, Long On"
Roderick Kerr,Middle Order,69,2041,1403,60,34.02,145.47,190,82,15,1,443,31.58%,61.34%,5.16,3.17,23.38,24.11%,17.11,69.76,"Half Volley, Outside Leg, Off Break, SlogSweep, Sweep, Square Leg, Third Man","Outside Off, Wide Off, Left-arm, Seam Away, Slower Ball, Slog, Covers"
Ruaridh Dunbar,Middle Order,78,2141,1381,66,32.44,155.03,195,108,15,1,436,31.57%,66.70%,4.56,3.17,20.92,30.27%,12.79,66.14,"Backs Away, Googly, Leg Break, Slog, Long Off","Outside Off, Moves Front, Out Swing, Third Man"
Jamie Rutherford,Top-Order,79,1797,1362,46,39.07,131.94,107,67,6,0,311,22.83%,46.19%,7.83,4.38,29.61,22.37%,20.33,81.4,"Half Volley, Length Delivery, Outside Off, Front Foot, Drive, Covers, Long On","Short Length, Back Foot, Leg Break, Hook, Pull, Square Leg, Mid Wicket"
Ross Rutherford,Top-Order,64,2375,1347,59,40.25,176.32,239,124,15,4,355,26.35%,71.58%,3.71,3.79,22.83,31.33%,10.86,68.6,"Full Toss, Back Foot, Front Foot, Flick, Hook, Square Leg, Long Off","Down The Track, Moves Front, Left-arm, Googly, Off Break, Covers, Third Man"
Kyle Turnbull,Top-Order,56,2367,1329,50,47.34,178.1,200,197,17,4,591,44.47%,83.73%,3.35,2.25,26.58,49.94%,6.75,41.31,"Back of Length, Full Toss, Down The Track, Off Break, SlogSweep, Mid Wicket","Outside Off, Wide Off, Backs Away, Seam Away, Point, Fine Leg"
Neil Cameron,Top-Order,76,1934,1315,66,29.3,147.07,106,133,12,0,354,26.92%,63.19%,5.5,3.71,19.92,41.26%,9.89,66.17,"Off Break, Off Cutter, SlogSweep, Sweep, Square Leg, Long On","Outside Off, Left-arm, Out Swing, Seam Away, Point, Covers"
Findlay Fleming,Middle Order,85,2459,1312,79,31.13,187.42,208,180,12,4,448,34.15%,77.76%,3.38,2.93,16.61,43.92%,7.29,59.2,"Short Length, Moves Front, Off Cutter, Flick, Sweep, Mid Wicket","Outside Off, Left-arm, Googly, Seam Away, Drive"
Fraser Innes,Top-Order,58,1757,1310,53,33.15,134.12,130,97,15,2,549,41.91%,62.72%,5.77,2.39,24.72,33.12%,13.51,60.48,"Outside Off, Down The Track, Leg Break, Out Swing, Hook, Long On","Back of Length, Full Toss, Flick, Pull, Mid Wicket"
Aiden Murdoch,Middle Order,57,1933,1295,53,36.47,149.27,174,88,14,3,425,32.82%,63.32%,4.94,3.05,24.43,27.32%,14.72,68.64,"On Stumps, Down The Track, Off Break, Slog, Mid Wicket, Long On","Outside Off, Front Foot, Left-arm, Seam Away, Third Man"
Colin Hendry,Top-Order,67,1751,1268,48,36.48,138.09,131,80,11,1,408,32.18%,57.34%,6.01,3.11,26.42,27.41%,15.85,70.67,"Back of Length, On Stumps, Outside Leg, Out Swing, Flick, Mid Wicket","Outside Off, Leg Break, Slower Ball, Hook, Covers"
Malcolm MacKenzie,Top-Order,66,1709,1256,63,27.13,136.07,159,80,9,0,509,40.53%,65.30%,5.26,2.47,19.94,28.09%,15.7,58.31,"Down The Track, Googly, In Swing, Pull, Sweep, Square Leg, Long Off","Outside Off, Moves Front, Right-arm, Off Cutter, Seam Away, Point, Covers"
Duncan Armstrong,Top-Order,57,1539,1213,50,30.78,126.88,163,47,10,0,476,39.24%,60.69%,5.78,2.55,24.26,18.32%,25.81,60.32,"Back of Length, Half Volley, Right-arm, Out Swing, Pull, Covers","Full Toss, Outside Leg, Slog, SlogSweep, Mid Wicket, Long On"
Cameron Drummond,Top-Order,51,1327,1208,46,28.85,109.85,146,30,6,0,534,44.21%,57.57%,6.86,2.26,26.26,13.56%,40.27,54.55,"Half Volley, Outside Off, Front Foot, Moves Front, Leg Break, Out Swing, Covers","Full Toss, Short Length, Slower Ball, Hook, Pull, Square Leg, Fine Leg"
Roderick Sinclair,Top-Order,55,1599,1207,52,30.75,132.48,177,58,11,0,388,32.15%,66.04%,5.14,3.11,23.21,21.76%,20.81,55.86,"Length Delivery, On Stumps, Seam Away, Slower Ball","Back of Length, Short Length, Backs Away, Pull"
Somerled Kirkwood,Top-Order,67,1853,1205,55,33.69,153.78,177,88,11,0,361,29.96%,66.70%,4.55,3.34,21.91,28.49%,13.69,65.64,"Full Toss, On Stumps, In Swing, Flick, Square Leg, Long On","Wide Off, Down The Track, Leg Break, SlogSweep, Covers"
Murdo Napier,Top-Order,69,1663,1201,60,27.72,138.47,102,102,8,2,450,37.47%,61.33%,5.89,2.67,20.02,36.80%,11.77,64.49,"Short Length, Wide Off, Down The Track, Seam Away, Pull, Mid Wicket, Third Man","Half Volley, Outside Leg, Front Foot, In Swing, Sweep, Long On"
Connor Napier,Top-Order,50,1743,1200,42,41.5,145.25,200,48,13,2,414,34.50%,62.42%,4.84,2.9,28.57,16.52%,25.0,68.8,"Half Volley, Front Foot, Out Swing, Drive, Covers, Long Off","Back Foot, Backs Away, Googly, Hook, Mid Wicket"
Hugh Abercrombie,Top-Order,50,1525,1194,38,40.13,127.72,110,79,9,1,457,38.27%,59.93%,6.32,2.61,31.42,31.08%,15.11,60.8,"Full Toss, Outside Leg, Pull, Point, Mid Wicket","Length Delivery, Outside Off, Slower Ball, Hook, Long Off"
Maxwell Forbes,Middle Order,59,1654,1192,57,29.02,138.76,126,87,12,1,457,38.34%,62.03%,5.6,2.61,20.91,31.56%,13.7,64.15,"Outside Leg, Backs Away, Down The Track, Off Cutter, Pull, Long On","Yorker, Outside Off, Back Foot, Front Foot, In Swing, Seam Away"
Wallace Miller,Middle Order,65,1768,1188,59,29.97,148.82,184,83,10,1,358,30.13%,69.80%,4.45,3.32,20.14,28.17%,14.31,57.98,"Back Foot, Down The Track, Cut, Pull, Long Off, Third Man","Yorker, In Swing, Hook, Sweep, Fine Leg"
Lewis Stewart,Top-Order,52,1727,1182,45,38.38,146.11,158,72,11,2,403,34.09%,61.61%,5.14,2.93,26.27,25.01%,16.42,69.64,"Yorker, Outside Off, Wide Off, Out Swing, Drive, Covers, Long On","Outside Leg, Off Cutter, Slower Ball, Pull, Sweep, Mid Wicket, Long Off"
Alasdair MacPherson,Middle Order,55,1643,1181,52,31.6,139.12,167,77,11,1,472,39.97%,68.78%,4.84,2.5,22.71,28.12%,15.34,54.75,"Back of Length, Front Foot, In Swing, Off Cutter, Square Leg, Long Off","Backs Away, Left-arm, Googly, Leg Break, SlogSweep, Point"
Gillies Watson,Power-Hitter,79,1684,1178,61,27.61,142.95,143,83,8,0,427,36.25%,63.54%,5.21,2.76,19.31,29.57%,14.19,64.5,"Down The Track, In Swing, Seam Away, Pull, Slog, Long On","Half Volley, Yorker, Outside Leg, Hook, Sweep, Fine Leg"
Ewan Cameron,Top-Order,66,1820,1171,62,29.35,155.42,182,86,13,2,417,35.61%,68.35%,4.37,2.81,18.89,28.35%,13.62,63.79,"Full Toss, Wide Off, Googly, Leg Break, Drive, Mid Wicket, Third Man","Short Length, Yorker, Left-arm, In Swing, Off Cutter, Square Leg, Fine Leg"
Tavish Erskine,Middle Order,84,1958,1167,54,36.26,167.78,129,147,9,1,396,33.93%,71.40%,4.23,2.95,21.61,45.05%,7.94,62.85,"Back of Length, Outside Off, Back Foot, Seam Away, Cut, Point, Covers","Full Toss, Outside Leg, Off Break, Slower Ball, Slog, SlogSweep"
Murray MacRae,Middle Order,64,1577,1162,57,27.67,135.71,132,77,9,0,397,34.17%,62.78%,5.56,2.93,20.39,29.30%,15.09,61.59,"On Stumps, Down The Track, Moves Front, Off Cutter, Seam Away, Slog, Long On","Short Length, Yorker, Backs Away, In Swing, Out Swing, Pull, Fine Leg"
Alban Lockhart,Top-Order,58,1583,1158,51,31.04,136.7,137,83,11,1,465,40.16%,66.08%,5.26,2.49,22.71,31.46%,13.95,57.25,"Back Foot, Hook, SlogSweep, Point, Long On","On Stumps, Right-arm, Googly, Mid Wicket"
Bruce Crawford,Top-Order,57,1538,1157,47,32.72,132.93,117,60,9,1,379,32.76%,53.84%,6.54,3.05,24.62,23.41%,19.28,72.45,"Half Volley, Outside Off, Googly, Off Cutter, Long Off","Short Length, Yorker, Back Foot, Hook, Pull, Square Leg"
Robbie Dewar,Top-Order,47,1451,1145,37,39.22,126.72,142,32,11,2,391,34.15%,52.38%,6.58,2.93,30.95,13.23%,35.78,71.16,"Half Volley, Outside Off, Googly, Drive, Sweep, Fine Leg","Wide Off, Slower Ball, Pull, SlogSweep, Mid Wicket"
Niall Miller,Top-Order,50,1466,1144,48,30.54,128.15,159,41,13,0,436,38.11%,60.16%,5.72,2.62,23.83,16.78%,27.9,61.86,"Off Break, Hook, SlogSweep, Square Leg, Fine Leg","Wide Off, Out Swing, Slower Ball, Covers, Long Off"
Kieran MacIntyre,Power-Hitter,72,1483,1128,68,21.81,131.47,135,68,7,1,448,39.72%,63.92%,5.56,2.52,16.59,27.51%,16.59,57.84,"Outside Off, Wide Off, Backs Away, Seam Away, Cut, Point, Long Off","On Stumps, Off Cutter, Slog, Sweep, Mid Wicket, Fine Leg"
Sandy Kerr,Power-Hitter,84,1394,1127,75,18.59,123.69,70,87,5,0,378,33.54%,57.53%,7.18,2.98,15.03,37.45%,12.95,61.03,"Back of Length, Half Volley, Moves Front, Pull, Point, Mid Wicket","Yorker, Outside Leg, Down The Track, Left-arm, In Swing, Hook, Fine Leg"
Jamie Skene,Top-Order,53,1530,1124,49,31.22,136.12,136,73,13,1,328,29.18%,64.18%,5.38,3.43,22.94,28.63%,15.4,59.89,"Half Volley, Wide Off, Leg Break, Sweep, Square Leg, Mid Wicket","Outside Off, Right-arm, Slower Ball, Hook, Long On"
Grant Fleming,Top-Order,52,1613,1121,46,35.07,143.89,152,58,10,1,358,31.94%,59.27%,5.34,3.13,24.37,21.57%,19.33,72.12,"Half Volley, Short Length, Out Swing, Cut, Flick, Point","Down The Track, Left-arm, Off Break, Off Cutter, SlogSweep, Long On"
Gregor Watson,Top-Order,57,1734,1121,50,34.68,154.68,170,96,10,2,347,30.95%,72.43%,4.21,3.23,22.42,33.22%,11.68,55.91,"Outside Off, Cut, Drive, Covers, Mid Wicket","Backs Away, Leg Break, Hook, Point, Fine Leg"
Ollie Ross,Top-Order,61,1495,1120,55,27.18,133.48,106,96,8,1,484,43.21%,66.89%,5.54,2.31,20.36,38.53%,11.67,53.92,"Back of Length, Full Toss, On Stumps, In Swing, Mid Wicket, Long On","Outside Off, Wide Off, Backs Away, Googly, Seam Away, Third Man"
Tavish Johnstone,Middle Order,80,1590,1100,62,25.65,144.55,133,69,8,0,292,26.55%,59.50%,5.45,3.77,17.74,26.04%,15.94,71.71,"Front Foot, In Swing, Off Cutter, Pull, Covers","Outside Leg, Seam Away, Long Off, Third Man"
Torquil Carmichael,Top-Order,46,1427,1090,38,37.55,130.92,120,50,9,1,356,32.66%,54.66%,6.41,3.06,28.68,21.02%,21.8,70.33,"Short Length, Wide Off, Seam Away, Cut, Third Man","Full Toss, Outside Leg, Off Break, SlogSweep, Mid Wicket"
Innes MacKenzie,Middle Order,61,1562,1090,53,29.47,143.3,126,74,8,1,344,31.56%,60.69%,5.45,3.17,20.57,28.43%,14.73,68.99,"Yorker, On Stumps, Leg Break, Sweep, Mid Wicket, Long On","Half Volley, Outside Off, Back Foot, Cut, Third Man"
Leslie Oliphant,Top-Order,45,1562,1090,43,36.33,143.3,146,77,11,2,432,39.63%,66.97%,4.89,2.52,25.35,29.58%,14.16,59.52,"Outside Off, Front Foot, Googly, Flick, Pull, Long Off","Wide Off, Right-arm, Off Break, Long On"
Shaw Whyte,Middle Order,54,1511,1087,47,32.15,139.01,138,61,13,0,334,30.73%,60.75%,5.46,3.25,23.13,24.22%,17.82,66.78,"Yorker, Front Foot, Slower Ball, Drive, Flick, Fine Leg","Back of Length, Wide Off, Leg Break, Point, Mid Wicket"
Davie Brown,Top-Order,51,1430,1087,48,29.79,131.55,131,63,6,2,415,38.18%,63.08%,5.6,2.62,22.65,26.43%,17.25,59.13,"Outside Off, Down The Track, Googly, Slog, Covers, Third Man","Outside Leg, Moves Front, Hook, SlogSweep, Square Leg, Fine Leg"
Rabbie Boyd,Middle Order,57,1422,1080,55,25.85,131.67,127,65,6,0,446,41.30%,63.15%,5.63,2.42,19.64,27.43%,16.62,59.01,"Front Foot, Off Break, Seam Away, Slog, Third Man","Back of Length, Short Length, Off Cutter, Covers"
Arran Boyd,Top-Order,46,1673,1078,41,40.8,155.19,174,61,12,1,327,30.33%,63.48%,4.59,3.3,26.29,21.88%,17.67,72.48,"Half Volley, Down The Track, Slower Ball, Covers, Long On","Back of Length, Back Foot, Right-arm, Seam Away, Point"
Rowan Guthrie,Middle Order,70,1443,1077,64,22.55,133.98,121,89,6,0,493,45.78%,70.55%,5.13,2.18,16.83,37.01%,12.1,49.02,"Outside Leg, Backs Away, Off Break, Flick, Sweep, Square Leg, Fine Leg","Outside Off, Off Cutter, Slower Ball, Cut, Covers, Long On"
Kentigern Weir,Top-Order,52,1352,1075,47,28.77,125.77,113,61,9,0,427,39.72%,60.50%,6.18,2.52,22.87,27.07%,17.62,59.27,"Length Delivery, Front Foot, Googly, Flick, Square Leg, Third Man","Wide Off, Right-arm, Off Break, Off Cutter, Cut, Mid Wicket"
Findlay Galbraith,Top-Order,38,1672,1069,35,47.77,156.41,183,55,15,3,276,25.82%,63.52%,4.49,3.87,30.54,19.74%,19.44,73.41,"Half Volley, Down The Track, Out Swing, Seam Away, Drive, Slog, Covers","Back of Length, Short Length, Outside Leg, Hook, Pull, Square Leg, Fine Leg"
Lorne MacIver,Top-Order,58,1550,1064,58,26.72,145.68,172,56,12,0,316,29.70%,66.06%,4.67,3.37,18.34,21.68%,19.0,62.92,"Full Toss, Half Volley, Off Break, Drive, SlogSweep, Mid Wicket","Short Length, Back Foot, In Swing, Hook, Third Man"
Blair Sinclair,Top-Order,60,1643,1064,46,35.72,154.42,109,116,11,1,397,37.31%,68.90%,4.73,2.68,23.13,42.36%,9.17,60.91,"Half Volley, Outside Leg, Down The Track, SlogSweep, Covers","Full Toss, Short Length, Right-arm, Googly, Seam Away, Cut"
Kenneth Montgomery,Middle Order,49,1554,1052,44,35.32,147.72,140,69,6,4,350,33.27%,62.68%,5.03,3.01,23.91,26.64%,15.25,68.8,"Full Toss, Half Volley, Moves Front, Out Swing, Seam Away, Square Leg","Outside Leg, Down The Track, In Swing, Leg Break, Point, Long Off"
Innes Laing,Middle Order,72,1482,1035,60,24.7,143.19,150,63,7,2,382,36.91%,65.99%,4.86,2.71,17.25,25.51%,16.43,61.31,"Down The Track, Leg Break, Slower Ball, SlogSweep, Long On","Outside Off, Wide Off, Out Swing, Seam Away, Covers"
Tavish Irvine,Top-Order,52,1586,1033,50,31.72,153.53,154,70,10,2,366,35.43%,65.32%,4.61,2.82,20.66,26.48%,14.76,67.99,"Length Delivery, Outside Off, Slower Ball, Slog, SlogSweep, Square Leg, Covers","Yorker, Back Foot, Backs Away, Googly, In Swing, Fine Leg, Third Man"
Kyle MacKinnon,Top-Order,42,1469,1030,38,38.66,142.62,174,40,9,1,382,37.09%,63.72%,4.81,2.7,27.11,16.34%,25.75,65.32,"Front Foot, Left-arm, Off Cutter, Seam Away, Covers, Long Off","Full Toss, On Stumps, Backs Away, Slower Ball, Third Man"
Callum MacLaren,Middle Order,65,1504,1025,48,31.33,146.73,111,60,6,1,228,22.24%,53.46%,5.99,4.5,21.35,23.94%,17.08,81.97,"Yorker, Outside Leg, Outside Off, Googly, In Swing, SlogSweep","Half Volley, Short Length, Down The Track, Hook, Pull"
Struan Cochrane,Middle Order,66,1479,1023,41,36.07,144.57,104,75,3,0,313,30.60%,58.55%,5.72,3.27,24.95,30.43%,13.64,72.63,"Full Toss, On Stumps, Outside Leg, Off Break, Slog, Sweep, Mid Wicket","Half Volley, Wide Off, Back Foot, Seam Away, Cut, Point, Third Man"
Kieran MacRae,Top-Order,48,1472,1010,46,32.0,145.74,163,55,12,0,321,31.78%,66.71%,4.63,3.15,21.96,22.42%,18.36,61.87,"Half Volley, Outside Leg, Wide Off, Out Swing, Drive, Pull, Covers","Yorker, Leg Break, Off Cutter, Flick, Hook, Fine Leg"
Ewan MacEwan,Power-Hitter,60,1353,1002,48,28.19,135.03,99,49,5,0,295,29.44%,51.00%,6.77,3.4,20.88,21.73%,20.45,77.63,"Back of Length, Leg Break, Hook, Sweep, Square Leg, Fine Leg","Length Delivery, Wide Off, Right-arm, Seam Away, Covers, Long On"
Connor Paterson,Middle Order,57,1321,1001,57,23.18,131.97,129,76,7,0,476,47.55%,73.58%,4.88,2.1,17.56,34.52%,13.17,43.84,"Full Toss, Short Length, Pull, Slog, Mid Wicket","Yorker, Outside Off, Front Foot, Seam Away, Point"
Davie MacBeth,Middle Order,53,1048,994,45,23.29,105.43,103,32,5,0,490,49.30%,57.63%,7.36,2.03,22.09,18.32%,31.06,51.69,"Back of Length, Yorker, On Stumps, Back Foot, Flick, Pull, Square Leg","Half Volley, Outside Off, Moves Front, Leg Break, Off Break, Covers, Long Off"
Alban Watson,Middle Order,53,1202,992,50,24.04,121.17,82,65,8,0,432,43.55%,59.73%,6.75,2.3,19.84,32.45%,15.26,57.28,"Outside Off, Back Foot, Down The Track, Drive, SlogSweep, Long On","Yorker, Moves Front, In Swing, Flick, Fine Leg"
Jamie Ritchie,Middle Order,61,1403,988,55,25.51,142.0,123,65,7,0,296,29.96%,62.87%,5.26,3.34,17.96,27.80%,15.2,65.13,"Length Delivery, On Stumps, Moves Front, Out Swing, Mid Wicket, Long On","Yorker, Back Foot, Googly, Seam Away, Cut, Hook, Point"
Neil Hay,Top-Order,62,1499,987,54,27.76,151.87,120,79,8,0,318,32.22%,63.64%,4.96,3.1,18.28,31.62%,12.49,69.16,"Back of Length, Full Toss, Back Foot, Out Swing, Slog, Sweep, Square Leg","Length Delivery, Down The Track, Moves Front, Right-arm, In Swing, Seam Away, Covers"
Dougal Menzies,Top-Order,37,1331,952,32,41.59,139.81,132,43,8,2,308,32.35%,59.05%,5.44,3.09,29.75,19.38%,22.14,70.14,"Full Toss, Length Delivery, Down The Track, Off Break, Drive","Short Length, Outside Leg, Wide Off, Square Leg"
Robbie MacLaren,Middle Order,64,1457,952,58,25.12,153.05,136,60,7,0,283,29.73%,62.05%,4.86,3.36,16.41,24.71%,15.87,73.15,"Outside Leg, Off Break, Slog, Sweep, Long On","Back of Length, Left-arm, In Swing, Seam Away, Pull, Long Off"
Archie Gordon,Middle Order,58,1230,934,39,31.54,131.69,110,41,4,0,337,36.08%,55.77%,6.19,2.77,23.95,20.00%,22.78,69.48,"Back of Length, On Stumps, Off Cutter, Sweep, Square Leg","Outside Off, Wide Off, Backs Away, Drive, Covers"
Fergus MacLeod,Middle Order,79,1563,928,56,27.91,168.43,95,116,6,1,301,32.44%,68.84%,4.4,3.08,16.57,44.53%,8.0,67.92,"Short Length, Wide Off, Backs Away, Right-arm, Hook, Slog","Yorker, Outside Off, Front Foot, Flick, SlogSweep, Point"
Norman MacLaren,Power-Hitter,67,1263,923,60,21.05,136.84,83,76,7,0,298,32.29%,62.39%,5.81,3.1,15.38,36.10%,12.14,62.17,"Length Delivery, Yorker, Outside Leg, Backs Away, SlogSweep, Sweep, Square Leg","Outside Off, Down The Track, Out Swing, Slower Ball, Cut, Slog, Long Off"
Gillies MacKinnon,Top-Order,50,1288,922,45,28.62,139.7,114,52,7,1,336,36.44%,59.63%,5.55,2.74,20.49,24.22%,17.73,68.78,"Short Length, On Stumps, Hook, SlogSweep, Mid Wicket, Long Off","Length Delivery, Outside Off, Front Foot, Out Swing, Seam Away, Covers, Third Man"
Logan Bannerman,Power-Hitter,63,1289,917,55,23.44,140.57,107,82,6,1,412,44.93%,71.37%,4.85,2.23,16.67,38.17%,11.18,50.69,"Half Volley, Outside Leg, Down The Track, Pull, Slog, Long Off, Long On","Yorker, Outside Off, Backs Away, Seam Away, Cut, Point, Third Man"
Alban Dunbar,Top-Order,36,938,912,36,26.06,102.85,104,22,6,0,456,50.00%,58.42%,7.24,2.0,25.33,14.07%,41.45,49.62,"Half Volley, Length Delivery, Outside Off, In Swing, Drive, Covers","Short Length, Back Foot, Googly, Hook, Pull, Square Leg"
Wallace Greig,Power-Hitter,89,1373,910,64,21.45,150.88,75,103,2,0,332,36.48%,66.86%,5.11,2.74,14.22,45.01%,8.83,62.16,"Down The Track, Leg Break, Hook, Slog, Long Off","Yorker, Outside Off, Wide Off, Seam Away, Third Man"
Duncan Drummond,Middle Order,59,1427,907,54,26.43,157.33,143,86,11,0,384,42.34%,76.24%,3.96,2.36,16.8,36.16%,10.55,50.0,"Full Toss, On Stumps, Back Foot, Seam Away, Slower Ball, Pull, Mid Wicket","Half Volley, Length Delivery, Down The Track, Front Foot, Leg Break, Out Swing, Covers"
Charlie MacDougall,Top-Order,41,1055,900,24,43.96,117.22,67,45,9,0,326,36.22%,51.00%,8.04,2.76,37.5,25.59%,20.0,65.61,"Full Toss, Wide Off, Out Swing, Drive, Square Leg, Covers","Back Foot, Leg Break, Off Cutter, Hook, Pull, Fine Leg"
Sandy MacNeil,Top-Order,47,1207,892,43,28.07,135.31,108,43,7,1,300,33.63%,57.17%,5.91,2.97,20.74,21.38%,20.74,69.77,"Length Delivery, On Stumps, Off Cutter, Seam Away, Sweep, Long On","Half Volley, Backs Away, Hook, Pull, Fine Leg, Long Off"
Dugald Nicolson,Middle Order,62,1385,891,43,32.21,155.44,100,86,4,0,267,29.97%,66.14%,4.79,3.34,20.72,37.26%,10.36,66.52,"Length Delivery, Short Length, On Stumps, Hook, Slog, Mid Wicket, Long On","Yorker, Backs Away, Googly, Leg Break, Sweep, Point, Long Off"
Euan Jardine,Top-Order,43,1461,890,31,47.13,164.16,112,79,13,1,228,25.62%,63.11%,4.66,3.9,28.71,32.44%,11.27,77.11,"Length Delivery, Outside Off, Down The Track, Left-arm, Pull, Slog","Backs Away, Right-arm, Off Cutter, Out Swing, Sweep, Fine Leg"
Campbell Armstrong,Middle Order,42,1179,887,36,32.75,132.92,136,19,9,0,209,23.56%,55.81%,5.72,4.24,24.64,9.67%,46.68,71.17,"Right-arm, Googly, In Swing, Flick, Fine Leg","Outside Off, Wide Off, Back Foot, Seam Away, Cut, Drive"
Gavin Davidson,Power-Hitter,72,1375,887,55,25.0,155.02,114,54,6,0,189,21.31%,56.73%,5.28,4.69,16.13,23.56%,16.43,82.75,"Wide Off, Seam Away, Slower Ball, Flick, Third Man","Length Delivery, Short Length, Moves Front, Googly, Leg Break"
Rowan Tait,Power-Hitter,72,1475,875,52,28.37,168.57,89,113,5,0,301,34.40%,70.10%,4.33,2.91,16.83,45.97%,7.74,65.53,"Short Length, Back Foot, Down The Track, Off Break, Long Off, Third Man","Half Volley, Yorker, Outside Leg, Outside Off, Off Cutter, Drive, Flick"
Blair Robertson,Top-Order,45,1138,871,42,27.1,130.65,92,50,10,0,327,37.54%,58.70%,6.13,2.66,20.74,26.36%,17.42,64.47,"Yorker, Front Foot, Off Cutter, Slower Ball, Long On","Short Length, Outside Off, Back Foot, Right-arm, Seam Away, Cut, Sweep"
Rory Ferguson,Top-Order,31,1332,861,24,55.5,154.7,139,44,13,1,227,26.36%,61.56%,4.7,3.79,35.88,19.82%,19.57,75.52,"Half Volley, Outside Off, Front Foot, Seam Away, Cut, Covers","Down The Track, Off Cutter, Slower Ball, Flick, Square Leg"
Ewan Thomson,Power-Hitter,65,1095,859,48,22.81,127.47,69,61,2,0,337,39.23%,58.63%,6.61,2.55,17.9,33.42%,14.08,62.14,"Outside Leg, Leg Break, Slower Ball, SlogSweep, Point, Square Leg","Half Volley, Length Delivery, Front Foot, Drive, Covers"
Calum MacRae,Power-Hitter,73,1615,859,72,22.43,188.01,122,129,5,2,321,37.37%,78.14%,3.42,2.68,11.93,47.93%,6.66,58.06,"Full Toss, Wide Off, Backs Away, Cut, Slog, Square Leg, Mid Wicket","Half Volley, Length Delivery, Front Foot, Moves Front, In Swing, Out Swing, Fine Leg"
Ollie MacIntyre,Top-Order,44,1192,840,35,34.06,141.9,78,67,9,0,282,33.57%,59.90%,5.79,2.98,24.0,33.72%,12.54,68.78,"Back of Length, Short Length, Front Foot, Off Cutter, Slower Ball, Pull, Fine Leg","Full Toss, Outside Leg, Wide Off, Backs Away, Leg Break, Off Break, Point"
Ranald Murray,Top-Order,43,1084,838,35,30.97,129.36,78,43,6,0,288,34.37%,52.58%,6.93,2.91,23.94,23.80%,19.49,71.69,"Outside Off, Wide Off, Front Foot, Off Break, Out Swing, Drive, Covers","Back of Length, Short Length, Back Foot, Googly, Leg Break, Square Leg"
Brodie MacDonald,Top-Order,48,1473,828,38,38.76,177.9,122,83,7,2,232,28.02%,66.94%,4.04,3.57,21.79,33.81%,9.98,78.17,"On Stumps, Outside Off, In Swing, Slog, Fine Leg","Right-arm, Off Cutter, Out Swing, Pull"
Kyle Buchanan,Middle Order,39,934,827,33,28.3,112.94,69,31,3,0,311,37.61%,49.46%,8.27,2.66,25.06,19.91%,26.68,64.92,"Outside Off, Back Foot, Off Break, Seam Away, Sweep, Square Leg","Half Volley, Front Foot, In Swing, Slower Ball, Flick, Long Off"
Bruce MacDougall,Top-Order,38,1237,825,33,37.48,149.94,122,43,9,1,260,31.52%,60.31%,5.0,3.17,25.0,20.86%,19.19,74.39,"Yorker, Front Foot, In Swing, Flick, Covers, Fine Leg","Back of Length, Off Cutter, Cut, Pull, Mid Wicket, Third Man"
Alasdair MacArthur,Middle Order,49,1151,822,46,25.02,140.02,122,49,6,1,315,38.32%,67.94%,4.81,2.61,17.87,25.54%,16.78,56.68,"Full Toss, Off Cutter, Hook, SlogSweep, Square Leg","Length Delivery, Front Foot, Out Swing, Covers"
Alistair MacDougall,Power-Hitter,88,1325,814,53,25.0,162.78,86,104,5,0,322,39.56%,73.06%,4.28,2.53,15.36,47.09%,7.83,57.21,"Full Toss, On Stumps, Cut, Slog, Mid Wicket, Long On","Yorker, Front Foot, Left-arm, Googly, Leg Break"
Torquil Cochrane,Middle Order,44,1029,810,42,24.5,127.04,95,55,5,0,373,46.05%,69.00%,5.4,2.17,19.29,32.07%,14.73,48.33,"On Stumps, Off Cutter, Pull, Long On","Outside Leg, Front Foot, Point, Fine Leg"
Mungo Clark,Middle Order,53,1033,805,45,22.96,128.32,64,58,5,0,309,38.39%,58.47%,6.6,2.61,17.89,33.69%,13.88,62.81,"Outside Leg, Down The Track, Off Cutter, Slower Ball, SlogSweep, Long On","Half Volley, Outside Off, Wide Off, Back Foot, Front Foot, Seam Away"
Kieran Logan,Power-Hitter,68,1264,803,53,23.85,157.41,84,87,7,1,282,35.12%,67.88%,4.7,2.85,15.15,41.30%,9.23,64.24,"On Stumps, Down The Track, Hook, Slog, Mid Wicket, Long On","Half Volley, Right-arm, Out Swing, Seam Away, Point"
Kentigern MacBeth,Power-Hitter,63,1157,802,60,19.28,144.26,124,52,2,1,326,40.65%,69.84%,4.56,2.46,13.37,26.97%,15.42,55.75,"Full Toss, Yorker, On Stumps, Cut, Sweep, Long On","Half Volley, Backs Away, Right-arm, Out Swing, Pull"
Archibald Skene,Middle Order,36,985,798,30,32.83,123.43,97,27,3,1,297,37.22%,55.84%,6.44,2.69,26.6,16.45%,29.56,64.54,"Full Toss, Half Volley, Backs Away, Out Swing, Slower Ball","Back of Length, Back Foot, Leg Break, Off Break, Sweep, Point"
Archie Cumming,Middle Order,48,1016,792,40,25.4,128.28,86,39,6,0,295,37.25%,56.89%,6.34,2.68,19.8,23.03%,20.31,65.67,"Back Foot, Moves Front, In Swing, Cut, Square Leg","Full Toss, Leg Break, Slog, Long Off"
Alec Burnett,Top-Order,35,1042,791,29,35.93,131.73,102,37,8,0,293,37.04%,60.46%,5.69,2.7,27.28,21.31%,21.38,63.19,"Back Foot, Moves Front, Out Swing, Square Leg, Covers","Leg Break, Off Cutter, Slog, Fine Leg, Long Off"
Aiden Robertson,Top-Order,40,1292,791,39,33.13,163.34,138,65,12,0,228,28.82%,72.91%,3.9,3.47,20.28,30.19%,12.17,59.52,"Back of Length, Back Foot, Down The Track, Googly, Drive, Mid Wicket","Yorker, Right-arm, In Swing, Sweep, Fine Leg"
Cameron Leask,Power-Hitter,52,1037,789,46,22.54,131.43,94,33,5,0,205,25.98%,55.35%,6.21,3.85,17.15,19.09%,23.91,69.94,"Length Delivery, Outside Off, Down The Track, Front Foot, Slower Ball, Flick, Slog","Short Length, Back Foot, Backs Away, Left-arm, Hook, Point"
Cailean Kinnear,Top-Order,49,1102,789,46,23.96,139.67,121,42,9,0,219,27.76%,66.79%,4.84,3.6,17.15,22.87%,18.79,58.47,"Half Volley, Length Delivery, Outside Leg, Front Foot, Out Swing","Back of Length, Googly, Leg Break, Hook, Point, Mid Wicket"
Tavish Buchanan,Top-Order,37,1291,787,31,41.65,164.04,126,74,7,3,215,27.32%,73.43%,3.94,3.66,25.39,34.39%,10.64,58.43,"Length Delivery, Yorker, Moves Front, Googly, Out Swing, Long On","Back of Length, Wide Off, Back Foot, Seam Away, Cut"
Tavish MacLennan,Middle Order,53,1089,783,47,23.17,139.08,115,33,6,1,259,33.08%,60.42%,5.29,3.02,16.66,18.18%,23.73,67.87,"Length Delivery, Outside Off, Front Foot, Right-arm, Leg Break, Covers, Long Off","Short Length, On Stumps, Back Foot, Hook, Pull, Square Leg, Mid Wicket"
Colin Morrison,Top-Order,36,1012,782,31,32.65,129.41,97,33,6,0,269,34.40%,57.91%,6.02,2.91,25.23,19.57%,23.7,65.34,"Outside Off, Off Cutter, Drive, Sweep, Covers","Short Length, Hook, Pull, Mid Wicket, Fine Leg"
Hector Murray,Lower Order,70,1048,779,52,20.15,134.53,93,41,2,0,251,32.22%,58.97%,5.81,3.1,14.98,23.47%,19.0,66.67,"Short Length, Back Foot, Out Swing, Cut, Pull","Yorker, In Swing, Leg Break, Drive, Flick"
Ruaridh Drummond,Top-Order,36,1102,772,35,31.49,142.75,107,37,8,1,257,33.29%,58.98%,5.36,3.0,22.06,20.15%,20.86,71.97,"Length Delivery, Short Length, Leg Break, Drive, Point","On Stumps, Slower Ball, Slog, Long On, Third Man"
Somerled Chalmers,Top-Order,43,1186,769,41,28.93,154.23,108,59,4,1,197,25.62%,66.27%,4.6,3.9,18.76,29.85%,13.03,66.45,"Half Volley, Length Delivery, Outside Off, Front Foot, Out Swing","Short Length, On Stumps, Outside Leg, Long Off"
Niall Drummond,Top-Order,38,951,766,32,29.72,124.15,60,48,4,0,300,39.16%,55.52%,7.09,2.55,23.94,30.28%,15.96,64.29,"Back of Length, Yorker, Down The Track, Front Foot, Point, Covers","Short Length, On Stumps, Outside Leg, SlogSweep, Sweep, Fine Leg"
Bruce Gillespie,Top-Order,39,1657,766,38,43.61,216.32,132,146,8,4,222,28.98%,84.73%,2.76,3.45,20.16,52.87%,5.25,51.84,"Outside Leg, Front Foot, Slog, Sweep, Mid Wicket, Long Off","Outside Off, Left-arm, Seam Away, Cut, Point, Third Man"
Gavin Thomson,Power-Hitter,51,1083,761,46,23.54,142.31,95,56,4,1,286,37.58%,66.11%,5.04,2.66,16.54,31.02%,13.59,60.16,"Length Delivery, Front Foot, Seam Away, Drive, Third Man","On Stumps, Down The Track, Off Break, Slog, Sweep, Square Leg"
Murdo Bell,Top-Order,36,1120,754,32,35.0,148.54,99,54,8,0,202,26.79%,64.29%,4.93,3.73,23.56,28.93%,13.96,66.56,"Full Toss, Outside Leg, Front Foot, Slog, Covers, Long On","Back Foot, Left-arm, Leg Break, Cut, Long Off"
Stuart Boyd,Top-Order,31,981,753,27,36.33,130.28,80,53,7,1,317,42.10%,65.04%,5.66,2.38,27.89,32.42%,14.21,55.32,"Down The Track, Front Foot, In Swing, Pull, Long On","Outside Leg, Wide Off, Moves Front, Third Man"
Stuart Chalmers,Power-Hitter,48,992,751,43,23.07,132.09,72,48,5,0,264,35.15%,58.06%,6.26,2.84,17.47,29.03%,15.65,65.93,"Outside Leg, Outside Off, Down The Track, Hook, Pull, Fine Leg","Full Toss, Yorker, On Stumps, Off Cutter, Drive, Point, Third Man"
Murdo Maitland,Power-Hitter,72,1113,743,55,20.24,149.8,65,77,3,0,273,36.74%,64.87%,5.23,2.72,13.51,41.51%,9.65,65.06,"Back of Length, On Stumps, Down The Track, Cut, Slog, Long On","Half Volley, Outside Leg, Backs Away, Front Foot, Seam Away, Hook"
Gavin MacLaren,Middle Order,43,1200,742,38,31.58,161.73,108,67,5,3,270,36.39%,69.50%,4.24,2.75,19.53,33.50%,11.07,64.55,"Length Delivery, Backs Away, Front Foot, Point","Yorker, Slower Ball, Sweep, Square Leg"
Maxwell Keith,Middle Order,47,946,738,38,24.89,128.18,93,27,4,0,266,36.04%,56.45%,6.15,2.77,19.42,17.12%,27.33,66.67,"Half Volley, Length Delivery, Down The Track, Moves Front, In Swing, Flick","Back of Length, Short Length, Back Foot, Googly, Hook, Slog, Point"
Archie Miller,Power-Hitter,42,930,732,39,23.85,127.05,109,29,4,1,323,44.13%,65.59%,5.3,2.27,18.77,18.71%,25.24,53.87,"Back of Length, Half Volley, Drive, SlogSweep, Covers","Short Length, Left-arm, Googly, Seam Away, Third Man"
Lorne Montgomery,Top-Order,39,1009,729,31,32.55,138.41,73,51,4,0,255,34.98%,59.27%,5.88,2.86,23.52,30.33%,14.29,67.93,"Outside Off, Down The Track, Left-arm, Out Swing, Slog, Long Off","Back of Length, Yorker, Outside Leg, Flick, Fine Leg"
Roy Elliot,Power-Hitter,73,1059,725,54,19.61,146.07,66,88,5,0,335,46.21%,74.79%,4.71,2.16,13.43,49.86%,8.24,46.76,"Short Length, Back Foot, Off Cutter, Slog, SlogSweep, Mid Wicket, Long On","Length Delivery, Outside Off, Wide Off, Backs Away, Front Foot, Covers, Third Man"
Hector Ramsay,Power-Hitter,48,878,717,41,21.41,122.45,84,12,3,0,197,27.48%,46.47%,7.47,3.64,17.49,8.20%,59.75,75.68,"Wide Off, Moves Front, In Swing, Seam Away, Long On, Third Man","Back of Length, Right-arm, Leg Break, Pull, Sweep, Square Leg"
Ramsay Henderson,Middle Order,33,1131,716,30,37.7,157.96,137,47,9,1,265,37.01%,73.39%,3.89,2.7,23.87,24.93%,15.23,56.58,"Length Delivery, On Stumps, Down The Track, Off Cutter, Out Swing, Long On","Short Length, Yorker, Wide Off, Back Foot, Hook, Pull"
Harris Lyall,Power-Hitter,55,1053,709,43,24.49,148.52,76,56,6,0,233,32.86%,60.78%,5.37,3.04,16.49,31.91%,12.66,71.58,"Short Length, Back Foot, Down The Track, Off Break, Slower Ball, Square Leg, Fine Leg","Outside Off, Wide Off, Backs Away, Left-arm, Out Swing, Drive, Point"
Wallace Currie,Power-Hitter,55,1004,709,42,23.9,141.61,65,56,3,0,227,32.02%,59.36%,5.86,3.12,16.88,33.47%,12.66,69.39,"Back of Length, Length Delivery, Moves Front, Off Cutter, Mid Wicket, Long On","Yorker, Backs Away, Front Foot, Right-arm, In Swing, Out Swing"
Murdo Gordon,Middle Order,43,901,704,34,26.5,127.98,67,41,3,0,266,37.78%,57.05%,6.52,2.65,20.71,27.30%,17.17,64.93,"Backs Away, Right-arm, Leg Break, Off Cutter, Drive","On Stumps, Back Foot, Seam Away, Hook, Square Leg"
Grant Hendry,Middle Order,48,1105,704,40,27.62,156.96,87,62,6,0,205,29.12%,65.16%,4.72,3.43,17.6,33.67%,11.35,69.37,"Back of Length, Full Toss, Outside Off, Sweep, Square Leg, Third Man","Half Volley, Length Delivery, Down The Track, Slog, Long Off, Long On"
Rory Dewar,Power-Hitter,51,1069,703,42,25.45,152.06,84,53,3,0,198,28.17%,61.18%,5.13,3.55,16.74,29.75%,13.26,73.32,"Full Toss, Outside Leg, Off Break, Slower Ball, Slog, Sweep, Mid Wicket","Length Delivery, Yorker, Outside Off, Front Foot, Out Swing, Seam Away, Covers"
Arran MacIntyre,Top-Order,27,1126,699,23,48.96,161.09,108,51,8,2,194,27.75%,65.54%,4.4,3.6,30.39,27.18%,13.71,71.85,"Short Length, Yorker, Back Foot, Pull, Fine Leg","Half Volley, Off Break, Slog, Long Off, Long On"
Lennox Marshall,Power-Hitter,64,1012,699,52,19.46,144.78,81,51,3,0,244,34.91%,62.25%,5.3,2.86,13.44,30.24%,13.71,67.37,"Full Toss, Outside Leg, Off Break, Off Cutter, SlogSweep, Sweep, Long On","Back of Length, Half Volley, Outside Off, Front Foot, Out Swing, Covers, Long Off"
Sandy Elliot,Middle Order,42,1037,694,36,28.81,149.42,94,46,6,0,153,22.05%,62.87%,4.96,4.54,19.28,26.62%,15.09,69.49,"Right-arm, Off Break, Out Swing, Flick, Point","Short Length, Backs Away, Left-arm, Off Cutter"
Hugh Pollock,Power-Hitter,39,801,693,34,23.56,115.58,64,23,2,0,244,35.21%,49.19%,7.97,2.84,20.38,17.23%,30.13,67.16,"Moves Front, Slower Ball, Cut, Square Leg","Yorker, Googly, In Swing, Fine Leg"
Jack MacInnes,Top-Order,34,897,692,30,29.9,129.62,93,37,5,1,283,40.90%,66.22%,5.32,2.45,23.07,24.75%,18.7,53.91,"Wide Off, Moves Front, Right-arm, Googly, Off Break, Drive, SlogSweep","Back of Length, Outside Off, Left-arm, In Swing, Seam Away, Flick, Hook"
Robbie Laing,Power-Hitter,53,744,687,45,16.53,108.3,74,28,1,2,342,49.78%,62.37%,6.74,2.01,15.27,22.58%,24.54,47.86,"Short Length, Outside Off, Back Foot, Backs Away, Cut, Point","Length Delivery, On Stumps, Down The Track, In Swing, Flick"
Dougal Shaw,Top-Order,33,979,687,29,33.76,142.5,99,42,5,1,258,37.55%,66.19%,4.87,2.66,23.69,25.74%,16.36,60.62,"Yorker, Back Foot, Front Foot, Cut, Drive","On Stumps, Left-arm, Googly, Leg Break, Sweep"
Matthew MacEwan,Middle Order,34,894,686,31,28.84,130.32,69,49,7,0,293,42.71%,63.76%,5.81,2.34,22.13,32.89%,14.0,57.04,"Yorker, Outside Leg, Back Foot, Left-arm, Cut, SlogSweep, Square Leg","Half Volley, Length Delivery, Front Foot, Moves Front, Right-arm, Out Swing, Covers"
Mungo Kennedy,Top-Order,29,967,678,24,40.29,142.63,81,38,6,0,130,19.17%,57.08%,5.7,5.22,28.25,23.58%,17.84,74.24,"Back of Length, Short Length, Outside Off, Pull, Point, Long On","Full Toss, Half Volley, Right-arm, Leg Break, Out Swing"
Douglas Baxter,Power-Hitter,42,869,674,41,21.2,128.93,67,35,4,0,237,35.16%,55.01%,6.61,2.84,16.44,24.17%,19.26,68.36,"Full Toss, Off Break, Slower Ball, Slog, Mid Wicket","Back Foot, Backs Away, Left-arm, Third Man"
Christopher Wishart,Lower Order,35,638,671,29,22.0,95.08,56,13,2,0,315,46.94%,47.34%,9.72,2.13,23.14,12.23%,51.62,55.81,"Half Volley, Length Delivery, Front Foot, Leg Break, Drive, Covers","Back of Length, Short Length, Pull, Square Leg, Mid Wicket"
Arran Fraser,Middle Order,37,912,670,25,36.48,136.12,62,38,5,0,196,29.25%,52.19%,6.7,3.42,26.8,25.00%,17.63,76.49,"Length Delivery, On Stumps, Drive, Sweep","Yorker, Back Foot, Seam Away, Pull"
Kentigern Pollock,Top-Order,35,908,661,31,29.29,137.37,85,42,5,1,269,40.70%,65.20%,5.2,2.46,21.32,27.75%,15.74,59.18,"Back of Length, Short Length, Flick, Fine Leg, Long Off","Outside Off, Wide Off, Moves Front, Googly, Covers"
Ramsay Livingstone,Power-Hitter,44,877,656,37,23.7,133.69,70,31,1,0,200,30.49%,53.14%,6.5,3.28,17.73,21.21%,21.16,74.05,"Length Delivery, Outside Off, Moves Front, Googly, Seam Away, Pull","Half Volley, On Stumps, In Swing, Off Break, Slog, Fine Leg"
Davie Keith,Top-Order,29,919,654,26,35.35,140.52,104,40,6,1,226,34.56%,71.38%,4.54,2.89,25.15,26.12%,16.35,51.57,"Outside Off, Front Foot, In Swing, Out Swing, Long Off, Long On","Back of Length, Back Foot, Backs Away, Hook, Point"
Lennox Watson,Lower Order,58,890,653,48,18.54,136.29,66,40,2,0,177,27.11%,56.63%,6.16,3.69,13.6,26.97%,16.33,70.57,"Back of Length, Short Length, Back Foot, Leg Break, Cut, Sweep","Half Volley, Length Delivery, Front Foot, Moves Front, Drive, Flick"
Roy MacArthur,Top-Order,29,845,653,27,31.3,129.4,76,38,5,0,275,42.11%,62.96%,5.73,2.37,24.19,26.98%,17.18,58.07,"Full Toss, Length Delivery, Outside Off, Backs Away, Front Foot, Drive, Slog","Back of Length, Short Length, Back Foot, Googly, Leg Break, Hook, Square Leg"
William Middleton,Top-Order,36,908,652,32,28.38,139.26,104,28,6,0,156,23.93%,64.32%,4.94,4.18,20.38,18.50%,23.29,62.31,"Outside Off, Back Foot, Seam Away, Slower Ball, Cut, Third Man","Outside Leg, In Swing, Hook, SlogSweep, Mid Wicket, Fine Leg"
Lachlan Turnbull,Middle Order,34,943,647,31,30.42,145.75,124,23,3,1,138,21.33%,67.23%,4.4,4.69,20.87,14.63%,28.13,61.8,"Back of Length, On Stumps, Leg Break, Drive, Sweep, Long Off","Short Length, Wide Off, Backs Away, Right-arm, Seam Away, Third Man"
Donald Abercrombie,Middle Order,38,1002,647,35,28.63,154.87,114,43,7,0,142,21.95%,71.26%,4.12,4.56,18.49,25.75%,15.05,58.78,"Outside Off, Wide Off, Out Swing, Hook, Slog, Third Man","Back of Length, Moves Front, Googly, Off Break, SlogSweep, Sweep, Square Leg"
Gavin MacLeod,Power-Hitter,44,870,647,39,22.31,134.47,83,44,2,0,243,37.56%,68.51%,5.09,2.66,16.59,30.34%,14.7,52.69,"Wide Off, Backs Away, Googly, Slog, Sweep, Mid Wicket, Third Man","Length Delivery, Short Length, Moves Front, Left-arm, Off Cutter, Hook, Pull"
Farquhar Munro,Power-Hitter,37,829,646,29,28.59,128.33,50,52,6,0,254,39.32%,61.76%,6.33,2.54,22.28,37.64%,12.42,58.27,"Full Toss, Length Delivery, On Stumps, Hook, SlogSweep, Long On","Half Volley, Left-arm, In Swing, Seam Away, Point"
Finlay Stewart,Middle Order,41,1026,642,41,25.02,159.81,131,45,6,0,266,41.43%,77.39%,3.65,2.41,15.66,26.32%,14.27,49.79,"Back of Length, On Stumps, Front Foot, Off Break, Cut, Sweep","Full Toss, Length Delivery, Googly, Seam Away, Third Man"
Sean Inglis,Top-Order,30,877,639,29,30.24,137.25,87,33,6,1,223,34.90%,62.26%,5.33,2.87,22.03,22.58%,19.36,63.78,"Length Delivery, Wide Off, Drive, Flick, Long Off","Back of Length, Right-arm, Off Cutter, Seam Away, Sweep"
Euan Scott,Top-Order,20,876,637,17,51.53,137.52,78,47,9,0,276,43.33%,67.81%,5.1,2.31,37.47,32.19%,13.55,55.08,"Length Delivery, Back Foot, Seam Away, Hook","Googly, Leg Break, SlogSweep, Mid Wicket"
Murdo MacMillan,Power-Hitter,39,950,636,31,30.65,149.37,78,37,6,0,141,22.17%,56.21%,5.53,4.51,20.52,23.37%,17.19,79.85,"Full Toss, Outside Off, Off Break, Seam Away, Point, Third Man","Outside Leg, Moves Front, Googly, Leg Break, Hook, Long Off"
Jack Drummond,Top-Order,35,869,634,29,29.97,137.07,72,37,5,0,215,33.91%,58.69%,5.82,2.95,21.86,25.55%,17.14,68.38,"Length Delivery, Outside Off, Back Foot, Leg Break, Point","Half Volley, Outside Leg, In Swing, Slower Ball, Slog"
Dugald Douglas,Top-Order,42,967,634,27,35.81,152.52,75,50,7,0,117,18.45%,62.05%,5.07,5.42,23.48,31.02%,12.68,72.1,"Half Volley, On Stumps, Outside Off, Front Foot, Slog, Covers, Long On","Outside Leg, Backs Away, Right-arm, Seam Away, Third Man"
Callum MacFarlane,Lower Order,55,835,631,44,18.98,132.33,76,32,3,0,228,36.13%,59.40%,5.84,2.77,14.34,22.99%,19.72,64.82,"Back of Length, Leg Break, Hook, Slog, Square Leg, Long Off","Outside Off, Wide Off, Backs Away, Front Foot, Out Swing, Third Man"
Shaw MacNab,Middle Order,39,844,631,25,33.76,133.76,65,36,3,0,217,34.39%,56.40%,6.25,2.91,25.24,25.59%,17.53,69.43,"Short Length, Yorker, In Swing, Flick, Sweep, Fine Leg","Back of Length, Half Volley, Moves Front, Left-arm, Point, Covers"
Matthew Greig,Power-Hitter,45,908,627,31,29.29,144.82,63,59,3,0,229,36.52%,66.74%,5.14,2.74,20.23,38.99%,10.63,59.8,"Half Volley, Short Length, Off Cutter, Slower Ball, Covers, Long Off","Yorker, On Stumps, Googly, Flick, Sweep, Square Leg, Third Man"
Aiden Moffat,Middle Order,42,954,626,31,30.77,152.4,78,55,7,0,160,25.56%,67.30%,4.71,3.91,20.19,34.59%,11.38,63.29,"Full Toss, Off Break, Drive, Sweep, Long On","Short Length, Back Foot, Left-arm, Point"
Grant Kirkwood,Middle Order,31,1020,624,28,36.43,163.46,107,50,7,1,145,23.24%,71.37%,3.97,4.3,22.29,29.41%,12.48,62.53,"Half Volley, On Stumps, Outside Off, Down The Track, Off Break, Cut","Full Toss, Yorker, Outside Leg, Backs Away, Moves Front, Pull, Fine Leg"
Cameron Somerville,Middle Order,33,796,620,32,24.88,128.39,61,37,7,0,237,38.23%,58.54%,6.33,2.62,19.38,27.89%,16.76,63.22,"Back of Length, Down The Track, Hook, Fine Leg","Wide Off, Seam Away, Point, Third Man"
Blair Davidson,Middle Order,39,874,619,36,24.28,141.2,95,22,5,0,164,26.49%,58.58%,5.29,3.77,17.19,15.10%,28.14,72.11,"Half Volley, Front Foot, In Swing, Flick, Mid Wicket, Fine Leg","Wide Off, Backs Away, Down The Track, Leg Break, Sweep"
Aiden Crawford,Power-Hitter,55,918,615,38,24.16,149.27,54,58,1,1,175,28.46%,61.44%,5.49,3.51,16.18,37.91%,10.6,70.38,"Back of Length, Half Volley, Back Foot, Leg Break, Slower Ball, Point, Long Off","Length Delivery, Yorker, Right-arm, In Swing, Out Swing, Covers, Fine Leg"
Craig Barclay,Power-Hitter,59,787,613,44,17.89,128.38,50,46,0,0,240,39.15%,60.48%,6.39,2.55,13.93,35.07%,13.33,60.15,"On Stumps, Down The Track, Off Cutter, Slower Ball, Long Off, Long On","Yorker, Outside Leg, Front Foot, Out Swing, Covers"
Torquil Livingstone,Middle Order,37,807,611,31,26.03,132.08,49,35,4,0,149,24.39%,50.31%,7.27,4.1,19.71,26.02%,17.46,76.09,"Half Volley, Wide Off, Off Cutter, Drive, Covers, Long On","Short Length, Back Foot, Slower Ball, Hook, Pull, Square Leg"
Rabbie MacKay,Power-Hitter,56,881,610,26,33.88,144.43,70,40,2,0,200,32.79%,59.02%,5.55,3.05,23.46,27.24%,15.25,72.2,"Full Toss, Half Volley, On Stumps, Left-arm, Leg Break, SlogSweep","Yorker, Slower Ball, Fine Leg, Third Man"
Finlay Yuill,Top-Order,41,1110,608,41,27.07,182.57,107,73,6,1,173,28.45%,78.02%,3.38,3.51,14.83,39.46%,8.33,57.01,"Back of Length, Out Swing, Cut, Flick, Mid Wicket","Down The Track, Left-arm, Googly, Leg Break"
Ruaridh Dickson,Middle Order,30,805,601,26,30.96,133.94,93,15,5,0,132,21.96%,57.39%,5.56,4.55,23.12,11.18%,40.07,69.57,"Half Volley, Yorker, On Stumps, Leg Break, Drive, Sweep, Long Off","Back of Length, Short Length, Back Foot, Cut, Hook"
Alistair Hunter,Top-Order,27,738,601,25,29.52,122.8,67,28,5,0,261,43.43%,59.08%,6.33,2.3,24.04,22.76%,21.46,59.68,"Full Toss, Yorker, Left-arm, Off Cutter, Drive","Back Foot, Moves Front, Googly, Sweep"
Arran Skene,Power-Hitter,42,862,600,27,31.93,143.67,78,38,3,0,165,27.50%,62.65%,5.17,3.64,22.22,26.45%,15.79,66.53,"Length Delivery, Backs Away, Moves Front, Slog, Point, Long On","Short Length, Outside Leg, Out Swing, Seam Away, Pull, SlogSweep, Fine Leg"
Stewart Skene,Top-Order,26,904,594,25,36.16,152.19,96,31,5,2,100,16.84%,63.05%,4.68,5.94,23.76,20.58%,19.16,71.52,"Length Delivery, Yorker, Front Foot, In Swing, Covers, Fine Leg","Back Foot, Backs Away, Googly, Off Break, Pull, Sweep, Mid Wicket"
Stuart Skene,Top-Order,19,841,593,19,44.26,141.82,72,35,6,1,64,10.79%,59.22%,5.54,9.27,31.21,24.97%,16.94,70.58,"Half Volley, Backs Away, Front Foot, Off Cutter, Mid Wicket, Long Off","Back Foot, Right-arm, Seam Away, Pull, Sweep"
Ruaridh Somerville,Power-Hitter,39,958,590,34,28.18,162.37,106,45,6,0,216,36.61%,72.44%,3.91,2.73,17.35,28.18%,13.11,60.14,"Back of Length, Full Toss, Off Cutter, Pull, SlogSweep, Mid Wicket, Long On","Half Volley, Wide Off, Out Swing, Seam Away, Hook, Covers"
Rabbie Baxter,Top-Order,34,746,588,26,28.69,126.87,37,31,3,0,199,33.84%,44.77%,8.65,2.95,22.62,24.93%,18.97,79.23,"Half Volley, On Stumps, In Swing, Hook, Square Leg","Down The Track, Off Cutter, Slower Ball, Long Off"
Leslie Rennie,Top-Order,31,838,587,30,27.93,142.76,90,24,5,1,158,26.92%,60.14%,5.15,3.72,19.57,17.18%,24.46,70.61,"Full Toss, Length Delivery, Front Foot, Drive, Flick","Left-arm, Off Cutter, Slower Ball, Hook, Pull"
Andrew Scott,Middle Order,34,778,586,33,23.58,132.76,64,28,2,1,186,31.74%,54.50%,6.37,3.15,17.76,21.59%,20.93,71.66,"Backs Away, Down The Track, Off Break, Slog, SlogSweep","Back of Length, Half Volley, Back Foot, Front Foot, Left-arm, Off Cutter"
Andrew Armstrong,Power-Hitter,53,847,584,41,20.66,145.03,59,49,1,0,155,26.54%,62.57%,5.41,3.77,14.24,34.71%,11.92,66.6,"Length Delivery, Short Length, Outside Off, Back Foot, Moves Front, Pull","Yorker, Googly, In Swing, Slog, Sweep"
Lennox Forsyth,Top-Order,30,809,583,28,28.89,138.77,109,18,6,0,225,38.59%,67.24%,4.59,2.59,20.82,13.35%,32.39,58.11,"Outside Leg, Front Foot, Leg Break, Sweep, Long Off","Short Length, Wide Off, Back Foot, Seam Away, Hook"
Shaw MacDuff,Middle Order,38,911,582,31,29.39,156.53,83,44,4,0,144,24.74%,65.42%,4.58,4.04,18.77,28.98%,13.23,69.23,"Outside Off, Out Swing, Slower Ball, Drive, SlogSweep, Covers","Short Length, On Stumps, Back Foot, Flick, Sweep, Long Off"
Kenneth MacLeod,Middle Order,27,757,581,23,32.91,130.29,72,17,5,0,181,31.15%,51.52%,6.53,3.21,25.26,13.47%,34.18,74.59,"Half Volley, Back Foot, Moves Front, In Swing, Out Swing, Sweep","Off Cutter, Slower Ball, Hook, SlogSweep, Long On"
Kieran Lockhart,Middle Order,27,852,581,26,32.77,146.64,88,36,5,2,215,37.01%,66.67%,4.69,2.7,22.35,25.35%,16.14,62.14,"Yorker, Outside Leg, Back Foot, Flick, Square Leg, Long Off","Down The Track, Moves Front, Googly, Off Break, Slog, Long On"
Stewart Gibson,Power-Hitter,40,826,579,33,25.03,142.66,60,37,4,0,196,33.85%,55.93%,5.97,2.95,17.55,26.88%,15.65,75.52,"Length Delivery, Wide Off, Down The Track, In Swing, Slower Ball, Cut, Square Leg","Half Volley, Right-arm, Off Cutter, Out Swing, Sweep, Fine Leg"
Archibald MacIntyre,Middle Order,34,557,578,30,18.57,96.37,42,12,0,0,246,42.56%,43.09%,10.7,2.35,19.27,12.93%,48.17,60.5,"Seam Away, Hook, Covers, Fine Leg","Full Toss, Left-arm, Off Break, Slower Ball"
Finn Ogilvie,Top-Order,30,841,578,29,29.0,145.5,82,32,6,0,185,32.01%,61.83%,5.07,3.12,19.93,22.83%,18.06,69.18,"Back of Length, In Swing, Out Swing, Cut, Flick, Point","Down The Track, Off Break, Slower Ball, SlogSweep, Sweep, Long On"
Roy Thomson,Top-Order,35,792,578,24,33.0,137.02,61,31,4,0,125,21.63%,54.29%,6.28,4.62,24.08,23.48%,18.65,74.49,"Back of Length, Back Foot, Backs Away, Cut, Point","Full Toss, Down The Track, Off Break, SlogSweep, Mid Wicket"
Stuart MacIntyre,Top-Order,24,1060,577,21,50.48,183.71,84,72,9,1,127,22.01%,72.45%,3.7,4.54,27.48,40.75%,8.01,69.36,"Back of Length, Full Toss, Back Foot, Drive, Long On","Wide Off, Leg Break, Out Swing, Sweep"
Niall Inglis,Top-Order,30,805,574,22,36.59,140.24,61,25,6,0,85,14.81%,48.94%,6.67,6.75,26.09,18.63%,22.96,84.22,"Length Delivery, Wide Off, Out Swing, Drive, Covers","Short Length, Off Cutter, Slower Ball, Pull, Sweep, Mid Wicket"
Ollie Paterson,Top-Order,28,809,573,22,36.77,141.19,82,27,6,0,171,29.84%,60.57%,5.26,3.35,26.05,20.02%,21.22,68.75,"Half Volley, Down The Track, Moves Front, Slower Ball, Mid Wicket, Long Off","Yorker, Outside Off, Back Foot, Seam Away, Cut, Hook, Third Man"
Ewan Barclay,Middle Order,32,767,568,31,24.74,135.04,73,38,5,0,241,42.43%,67.80%,5.12,2.36,18.32,29.73%,14.95,54.05,"Short Length, Back Foot, Slog, Sweep, Fine Leg, Long On","Outside Off, Front Foot, Right-arm, Off Cutter, Out Swing, Covers"
Logan Mitchell,Middle Order,30,740,567,25,29.6,130.51,69,37,5,0,255,44.97%,67.30%,5.35,2.22,22.68,30.00%,15.32,52.49,"Back of Length, Back Foot, Off Cutter, SlogSweep, Mid Wicket","Full Toss, Length Delivery, Sweep, Covers"
Roderick Wardlaw,Middle Order,30,610,565,29,21.03,107.96,57,11,3,0,221,39.12%,48.20%,8.31,2.56,19.48,10.82%,51.36,63.58,"Outside Off, Backs Away, Front Foot, Flick, Square Leg","Off Cutter, Slower Ball, Pull, SlogSweep, Long On"
Finlay Middleton,Top-Order,25,842,562,21,40.1,149.82,72,46,7,0,217,38.61%,66.98%,4.76,2.59,26.76,32.78%,12.22,62.61,"Half Volley, Googly, Hook, SlogSweep, Covers","Back of Length, Yorker, Right-arm, Off Cutter, Flick"
Lennox Nicolson,Middle Order,35,926,560,32,28.94,165.36,65,60,7,0,139,24.82%,66.95%,4.48,4.03,17.5,38.88%,9.33,70.34,"Yorker, Outside Off, Down The Track, Front Foot, Slower Ball, Drive","Short Length, Outside Leg, Wide Off, Backs Away, Moves Front, SlogSweep, Square Leg"
Rowan Rutherford,Middle Order,29,684,559,27,25.33,122.36,60,22,5,0,216,38.64%,54.39%,6.82,2.59,20.7,19.30%,25.41,65.41,"Front Foot, In Swing, Flick, Mid Wicket","Short Length, Back Foot, Cut, Third Man"
Maxwell Paterson,Top-Order,25,589,558,22,26.77,105.56,54,10,4,0,242,43.37%,46.86%,8.72,2.31,25.36,10.19%,55.8,63.36,"Half Volley, On Stumps, Front Foot, Right-arm, Out Swing, Flick","Back of Length, Short Length, Cut, Pull, Point"
Hector Morrison,Power-Hitter,34,710,558,28,25.36,127.24,51,31,3,0,202,36.20%,54.93%,6.8,2.76,19.93,26.20%,18.0,67.23,"Front Foot, Googly, Seam Away, Sweep, Long Off","Full Toss, Short Length, Out Swing, Slog, SlogSweep, Mid Wicket"
Murdo Armstrong,Top-Order,29,686,556,25,27.44,123.38,69,19,3,0,138,24.82%,56.85%,6.32,4.03,22.24,16.62%,29.26,63.25,"Half Volley, In Swing, Out Swing, Covers, Mid Wicket","Short Length, Cut, Sweep, Long Off"
Robbie Napier,Middle Order,31,854,555,25,34.16,153.87,69,46,8,0,172,30.99%,64.64%,4.83,3.23,22.2,32.32%,12.07,68.64,"Short Length, Wide Off, Seam Away, Slower Ball, Cut, Long Off, Long On","Full Toss, Yorker, Outside Leg, Flick, Sweep, Square Leg"
Gordon Morrison,Top-Order,27,710,552,21,33.81,128.62,69,14,6,0,166,30.07%,50.70%,6.65,3.33,26.29,11.83%,39.43,74.63,"Half Volley, Yorker, Outside Off, Front Foot, Out Swing, Drive, Covers","Back of Length, Short Length, On Stumps, Back Foot, Off Cutter, Pull, Mid Wicket"
Logan Forsyth,Middle Order,31,784,549,31,25.29,142.81,112,19,3,0,138,25.14%,71.68%,4.19,3.98,17.71,14.54%,28.89,53.11,"Back of Length, Half Volley, On Stumps, Front Foot, Drive, Flick, Long Off","Backs Away, Moves Front, Left-arm, Googly, Hook, Point"
Drew Lockhart,Top-Order,23,587,547,16,36.69,107.31,43,4,2,0,156,28.52%,33.39%,11.64,3.51,34.19,4.09%,136.75,78.2,"Half Volley, Back Foot, Out Swing, Point, Square Leg","Off Cutter, Slower Ball, Flick, Mid Wicket, Fine Leg"
Donald Sutherland,Middle Order,30,626,546,25,25.04,114.65,44,23,2,0,201,36.81%,50.16%,8.15,2.72,21.84,22.04%,23.74,65.14,"Length Delivery, Outside Off, Front Foot, In Swing, Out Swing, Flick","Back Foot, Backs Away, Off Break, Hook, Sweep, Fine Leg"
Lorne MacQuarrie,Top-Order,20,583,541,15,38.87,107.76,69,5,5,0,242,44.73%,52.49%,7.31,2.24,36.07,5.15%,108.2,59.31,"Yorker, Outside Off, Seam Away, Cut, Drive, Third Man","On Stumps, Moves Front, Off Break, SlogSweep, Sweep, Mid Wicket"
Donald Lockhart,Middle Order,36,701,538,33,21.24,130.3,70,25,4,0,231,42.94%,61.34%,5.66,2.33,16.3,21.40%,21.52,61.17,"Yorker, Down The Track, Slower Ball, Drive","On Stumps, Outside Leg, Out Swing, SlogSweep, Sweep"
Gillies Leask,Power-Hitter,41,668,536,32,20.88,124.63,43,32,1,0,197,36.75%,54.49%,7.15,2.72,16.75,28.74%,16.75,65.94,"Short Length, Back Foot, Moves Front, In Swing, Flick, SlogSweep, Square Leg","Down The Track, Right-arm, Googly, Slower Ball, Drive, Slog, Long Off"
Fergus Dewar,Lower Order,56,776,533,34,22.82,145.59,58,30,1,0,135,25.33%,53.09%,6.06,3.95,15.68,23.20%,17.77,81.8,"Front Foot, Moves Front, Off Break, Cut, Flick, Long On","Short Length, Backs Away, Googly, Slower Ball, Hook, Pull, Long Off"
Alec Gallacher,Middle Order,31,799,531,29,27.55,150.47,88,28,4,0,129,24.29%,65.08%,4.58,4.12,18.31,21.03%,18.96,67.23,"Outside Off, Wide Off, Back Foot, Moves Front, Cut, Slog","Outside Leg, In Swing, Flick, SlogSweep, Mid Wicket"
Malcolm Leslie,Power-Hitter,37,747,529,34,21.97,141.21,58,33,5,0,168,31.76%,57.56%,5.81,3.15,15.56,26.51%,16.03,72.37,"Moves Front, SlogSweep, Long Off, Long On","Short Length, Off Cutter, Cut, Point"
Ranald Lauder,Power-Hitter,47,693,528,39,17.77,131.25,54,27,1,0,173,32.77%,54.55%,6.52,3.05,13.54,23.38%,19.56,70.47,"Length Delivery, Short Length, Backs Away, Front Foot, Slower Ball, Covers","Back of Length, Leg Break, Cut, SlogSweep, Fine Leg"
Duncan Burnett,Top-Order,29,755,522,28,26.96,144.64,67,29,4,0,115,22.03%,58.54%,5.44,4.54,18.64,23.05%,18.0,73.47,"Leg Break, Drive, Square Leg, Covers","In Swing, Seam Away, Flick, Mid Wicket"
Struan Skene,Middle Order,28,720,520,23,31.3,138.46,72,18,1,1,89,17.12%,55.00%,5.78,5.84,22.61,15.00%,28.89,75.35,"Back of Length, Yorker, Pull, Slog, Square Leg, Fine Leg","Half Volley, Length Delivery, Moves Front, Out Swing, Covers, Long On"
Gavin Donaldson,Power-Hitter,34,711,520,25,28.44,136.73,66,24,2,0,179,34.42%,57.38%,5.78,2.91,20.8,20.25%,21.67,70.47,"Outside Off, Left-arm, In Swing, Off Cutter, Point, Mid Wicket","Half Volley, Yorker, Hook, Sweep, Square Leg, Long Off"
Maxwell Chalmers,Middle Order,32,639,518,22,29.05,123.36,53,29,1,0,201,38.80%,60.41%,6.32,2.58,23.55,27.23%,17.86,58.03,"Length Delivery, Back Foot, Cut, Sweep, Square Leg, Long On","Half Volley, Backs Away, In Swing, Out Swing, Fine Leg"
Lewis Shaw,Middle Order,28,674,517,23,29.3,130.37,64,23,5,0,171,33.08%,58.46%,5.94,3.02,22.48,20.47%,22.48,65.12,"Wide Off, Backs Away, Down The Track, Googly, Slower Ball","Half Volley, On Stumps, Outside Off, Out Swing"
Neil Galbraith,Middle Order,36,1129,515,36,31.36,219.22,118,79,10,0,105,20.39%,83.79%,2.61,4.9,14.31,41.98%,6.52,57.55,"Outside Leg, Down The Track, SlogSweep, Fine Leg, Long Off","Full Toss, Out Swing, Drive, Pull, Long On, Third Man"
Stuart Livingstone,Middle Order,27,595,513,20,29.75,115.98,54,24,2,0,225,43.86%,60.50%,6.58,2.28,25.65,24.20%,21.38,54.02,"Yorker, Out Swing, Slower Ball, Pull, Square Leg, Fine Leg","Full Toss, Half Volley, Wide Off, Leg Break, Seam Away"
Euan MacDougall,Top-Order,23,797,513,22,36.23,155.36,76,35,4,2,174,33.92%,64.49%,4.62,2.95,23.32,26.35%,14.66,70.4,"Back of Length, Short Length, Back Foot, Right-arm, Cut, Square Leg, Long Off","Full Toss, On Stumps, Moves Front, Left-arm, Googly, In Swing, Fine Leg"
Colin Anderson,Top-Order,27,714,508,24,29.75,140.55,66,21,4,0,79,15.55%,54.62%,5.84,6.43,21.17,17.65%,24.19,76.96,"Front Foot, Out Swing, Flick, Covers, Third Man","Short Length, Slower Ball, Pull, Long Off"
Charlie Stewart,Power-Hitter,39,718,507,35,20.51,141.62,48,34,3,0,177,34.91%,55.15%,6.18,2.86,14.49,28.41%,14.91,75.76,"On Stumps, Moves Front, Out Swing, Fine Leg, Long On","Backs Away, Down The Track, Off Break, Slower Ball, Pull"
Alistair Dewar,Power-Hitter,34,755,503,31,24.35,150.1,55,48,3,0,149,29.62%,67.28%,4.88,3.38,16.23,38.15%,10.48,61.75,"Back of Length, Back Foot, Off Break, Slower Ball, Point, Long On","Length Delivery, Outside Leg, Drive, Flick, Covers"
Hugh MacDonald,Middle Order,29,681,502,24,28.38,135.66,56,20,3,0,83,16.53%,50.51%,6.61,6.05,20.92,17.62%,25.1,79.11,"On Stumps, Front Foot, Off Cutter, Flick, Mid Wicket","Back Foot, Left-arm, Leg Break, Seam Away, Hook"
Dugald Greig,Top-Order,29,798,502,25,31.92,158.96,77,44,4,1,192,38.25%,71.68%,4.15,2.61,20.08,33.08%,11.41,59.32,"Back of Length, On Stumps, In Swing, Cut, Long On","Half Volley, Leg Break, Out Swing, Long Off"
Mungo Dalgleish,Top-Order,23,699,500,18,38.83,139.8,48,32,5,1,148,29.60%,54.94%,6.25,3.38,27.78,27.47%,15.63,75.0,"Half Volley, Yorker, Front Foot, Out Swing, Seam Away, Drive, Long Off","Short Length, On Stumps, Leg Break, Hook, SlogSweep, Mid Wicket, Fine Leg"
Fraser MacAlister,Lower Order,35,566,499,33,17.15,113.43,50,21,2,0,225,45.09%,57.60%,7.03,2.22,15.12,22.26%,23.76,56.07,"Length Delivery, Front Foot, Flick, Mid Wicket","Short Length, Back Foot, Googly, Leg Break, Hook"
Campbell Urquhart,Middle Order,23,728,498,19,38.32,146.18,46,35,2,1,143,28.71%,54.12%,6.15,3.48,26.21,28.85%,14.23,80.1,"Outside Leg, Backs Away, Cut, SlogSweep, Mid Wicket, Third Man","Down The Track, Moves Front, Out Swing, Slower Ball, Covers, Long Off"
Jamie Duncan,Top-Order,20,560,495,15,37.33,113.13,41,25,5,0,210,42.42%,56.07%,7.5,2.36,33.0,26.79%,19.8,57.34,"Length Delivery, Down The Track, In Swing, Leg Break, Sweep, Long Off","Outside Off, Back Foot, Out Swing, Seam Away, Third Man"
Dugald MacGregor,Top-Order,23,644,494,20,32.2,130.36,71,9,3,0,151,30.57%,52.48%,6.18,3.27,24.7,8.39%,54.89,73.91,"Short Length, Outside Off, Out Swing, Cut","Outside Leg, Off Break, Fine Leg, Long On"
Maxwell Scott,Middle Order,28,675,493,24,28.12,136.92,55,32,3,0,137,27.79%,61.04%,5.67,3.6,20.54,28.44%,15.41,64.78,"Outside Off, Googly, Seam Away, Cut, Sweep, Third Man","On Stumps, Off Cutter, Flick, SlogSweep, Mid Wicket, Long On"
Lachlan Barclay,Power-Hitter,54,781,492,34,22.97,158.74,70,34,1,0,123,25.00%,61.97%,4.73,4.0,14.47,26.12%,14.47,76.55,"Full Toss, Wide Off, Front Foot, Drive, Sweep, Point, Covers","Short Length, Down The Track, In Swing, Slower Ball, Pull, SlogSweep, Mid Wicket"
Mungo Munro,Power-Hitter,34,655,490,25,26.2,133.67,52,24,3,0,132,26.94%,53.74%,6.45,3.71,19.6,21.98%,20.42,73.19,"Back of Length, Outside Off, Seam Away, Cut, Covers, Third Man","Full Toss, On Stumps, Moves Front, Googly, In Swing, Slog, Long On"
Eoin MacTaggart,Power-Hitter,28,637,489,24,26.54,130.27,57,19,4,0,92,18.81%,53.69%,6.43,5.32,20.38,17.90%,25.74,71.43,"Short Length, Wide Off, Cut, SlogSweep, Mid Wicket, Third Man","Down The Track, Front Foot, Slower Ball, Long Off"
Bruce Ferguson,Middle Order,27,643,488,25,25.72,131.76,72,16,6,0,134,27.46%,59.72%,5.55,3.64,19.52,14.93%,30.5,64.75,"Wide Off, Down The Track, Out Swing, Drive, Slog, Point","Outside Leg, Moves Front, Hook, Sweep, Square Leg"
Angus Pollock,Middle Order,28,644,488,26,24.77,131.97,66,19,4,0,137,28.07%,58.70%,5.74,3.56,18.77,17.70%,25.68,66.0,"Back of Length, Length Delivery, Outside Leg, Front Foot, Flick, Point, Mid Wicket","Right-arm, Off Break, Hook, SlogSweep, Long On"
Harris MacInnes,Top-Order,25,684,488,17,40.24,140.16,58,29,5,0,147,30.12%,59.36%,5.61,3.32,28.71,25.44%,16.83,69.33,"Googly, Leg Break, Drive, Covers, Long On","Back Foot, Seam Away, Cut, Third Man"
Kieran Young,Middle Order,26,671,487,26,25.81,137.78,73,27,4,0,96,19.71%,67.66%,4.87,5.07,18.73,24.14%,18.04,56.07,"Outside Off, Wide Off, Back Foot, Out Swing, Long Off, Third Man","On Stumps, Outside Leg, Off Cutter, Long On"
Colin Oliphant,Power-Hitter,30,687,487,27,25.44,141.07,69,28,3,0,106,21.77%,64.63%,5.02,4.59,18.04,24.45%,17.39,62.31,"Length Delivery, Outside Off, Down The Track, Slower Ball, Cut, Long Off","Yorker, On Stumps, Right-arm, In Swing, Sweep"
Fraser Cunningham,Top-Order,22,598,485,20,29.9,123.3,58,18,5,0,192,39.59%,56.86%,6.38,2.53,24.25,18.06%,26.94,63.08,"Full Toss, On Stumps, Flick, Fine Leg, Long On","Back of Length, Back Foot, Seam Away, Pull, Third Man"
Kenneth Tait,Middle Order,28,453,483,28,16.18,93.79,41,14,2,0,258,53.42%,54.75%,8.78,1.87,17.25,18.54%,34.5,47.9,"Half Volley, Length Delivery, Moves Front, Leg Break, Out Swing","Back of Length, Short Length, Wide Off, Pull, Square Leg"
Kyle Cameron,Middle Order,28,600,483,24,25.0,124.22,55,20,1,0,186,38.51%,56.67%,6.44,2.6,20.13,20.00%,24.15,63.73,"Outside Off, Moves Front, Off Cutter, Seam Away, SlogSweep, Square Leg, Covers","Backs Away, Down The Track, Googly, Slower Ball, Pull, Slog, Long Off"
Lewis Cumming,Middle Order,24,673,483,24,28.04,139.34,69,23,4,0,192,39.75%,61.52%,5.25,2.52,20.13,20.51%,21.0,66.24,"Length Delivery, Short Length, Outside Off, Wide Off, Backs Away, Front Foot, Drive","Back of Length, Down The Track, Off Cutter, Slower Ball, Slog, Mid Wicket"
Findlay Sinclair,Middle Order,30,678,474,23,29.48,143.04,62,26,5,0,114,24.05%,59.59%,5.39,4.16,20.61,23.01%,18.23,70.98,"On Stumps, Leg Break, Pull, Sweep, Fine Leg","Length Delivery, Front Foot, Off Cutter, Out Swing, Mid Wicket"
Rory Lauder,Top-Order,23,598,474,20,29.9,126.16,51,23,3,1,189,39.87%,57.19%,6.41,2.51,23.7,23.08%,20.61,64.0,"Moves Front, Seam Away, Hook, SlogSweep, Point, Mid Wicket","Yorker, Front Foot, Drive, Sweep, Fine Leg"
Stewart Fleming,Top-Order,20,422,473,19,22.21,89.22,26,6,2,0,207,43.76%,33.18%,14.78,2.29,24.89,8.53%,78.83,63.95,"Length Delivery, Yorker, Front Foot, Drive, Covers, Third Man","Short Length, Hook, Pull, Point, Mid Wicket"
Grant Guthrie,Middle Order,23,617,472,21,29.38,130.72,63,12,2,0,80,16.95%,52.51%,6.29,5.9,22.48,11.67%,39.33,73.8,"Outside Off, Front Foot, Left-arm, Drive, Slog, Covers","Short Length, Hook, Pull, Square Leg, Mid Wicket"
Graeme Urquhart,Power-Hitter,50,627,471,38,16.5,133.12,42,33,0,0,172,36.52%,58.37%,6.28,2.74,12.39,31.58%,14.27,65.91,"Outside Leg, Back Foot, Backs Away, Slower Ball, Hook, Pull, Fine Leg","Yorker, Outside Off, Right-arm, Out Swing, Drive, Covers"
Roderick Gallacher,Top-Order,28,697,469,22,31.68,148.61,50,37,5,0,149,31.77%,60.55%,5.39,3.15,21.32,31.85%,12.68,71.99,"Down The Track, Off Break, Slog, Mid Wicket, Long On","Back Foot, Seam Away, Cut, Hook, Square Leg, Third Man"
Roderick Marshall,Top-Order,27,716,467,25,28.64,153.32,75,34,6,0,108,23.13%,70.39%,4.28,4.32,18.68,28.49%,13.74,59.22,"Outside Leg, Outside Off, Seam Away, Hook, Point, Square Leg","Half Volley, Down The Track, Slower Ball, Mid Wicket, Long Off"
Findlay MacGill,Middle Order,40,791,466,23,34.39,169.74,57,49,4,0,94,20.17%,65.99%,4.4,4.96,20.26,37.17%,9.51,74.72,"Wide Off, Back Foot, Backs Away, Off Cutter, Seam Away, Cut, Third Man","Full Toss, Down The Track, Moves Front, In Swing, Off Break, Slog, Long On"
Donald MacEwan,Middle Order,31,511,465,27,18.93,109.89,27,21,2,0,183,39.35%,45.79%,9.69,2.54,17.22,24.66%,22.14,66.43,"Back of Length, Back Foot, Leg Break, Off Cutter, Slog, SlogSweep, Point","On Stumps, Backs Away, Front Foot, Right-arm, Googly, Out Swing, Third Man"
Dugald Livingstone,Power-Hitter,36,565,465,29,19.48,121.51,37,30,0,0,166,35.70%,58.05%,6.94,2.8,16.03,31.86%,15.5,59.55,"Front Foot, Right-arm, Seam Away, Flick, Square Leg","Backs Away, Down The Track, Googly, Slog"
Maxwell Baird,Power-Hitter,56,690,464,45,15.33,148.71,51,54,2,0,214,46.12%,76.52%,4.42,2.17,10.31,46.96%,8.59,45.13,"Full Toss, Length Delivery, Right-arm, Slower Ball, Pull, Slog, Long On","Outside Off, In Swing, Leg Break, Sweep, Point"
Cameron Dalgleish,Middle Order,27,654,462,22,29.73,141.56,59,23,1,0,140,30.30%,57.19%,5.63,3.3,21.0,21.10%,20.09,73.68,"Short Length, In Swing, Leg Break, Hook, Square Leg, Fine Leg","Backs Away, Off Break, Slog, Long On"
Callum MacAulay,Top-Order,27,763,462,27,28.26,165.15,70,40,2,1,94,20.35%,68.15%,4.2,4.91,17.11,31.45%,11.55,69.03,"Full Toss, Half Volley, Moves Front, Slog, Mid Wicket, Long On","Back Foot, Googly, In Swing, Sweep, Point, Square Leg"
Harris Lindsay,Middle Order,24,701,460,22,31.86,152.39,62,43,6,0,177,38.48%,72.18%,4.38,2.6,20.91,36.80%,10.7,54.93,"Length Delivery, Outside Leg, Wide Off, Backs Away, Sweep, Covers, Third Man","Back of Length, Full Toss, Back Foot, Right-arm, Pull, Mid Wicket"
Jamie Ramsay,Top-Order,17,580,459,13,44.62,126.36,74,12,2,2,191,41.61%,63.45%,5.34,2.4,35.31,12.41%,38.25,56.84,"Half Volley, Front Foot, Out Swing, Sweep, Square Leg, Covers","Full Toss, Seam Away, Pull, Slog, Point, Mid Wicket"
Leslie Rankin,Lower Order,41,545,459,30,18.17,118.74,44,21,0,0,176,38.34%,55.41%,7.06,2.61,15.3,23.12%,21.86,61.68,"Outside Leg, Wide Off, Off Cutter, Sweep, Square Leg, Long Off","On Stumps, Moves Front, Slog, Mid Wicket, Long On"
Euan Tait,Middle Order,25,593,458,22,26.95,129.48,60,11,3,0,87,19.00%,51.60%,6.45,5.26,20.82,11.13%,41.64,74.16,"Outside Leg, Front Foot, In Swing, Out Swing, Fine Leg","Back of Length, Short Length, Back Foot, Pull, Point"
Jamie Maitland,Middle Order,25,625,456,25,25.0,137.06,71,18,3,1,94,20.61%,62.72%,5.12,4.85,18.24,17.28%,25.33,63.49,"Half Volley, Outside Off, Back Foot, Mid Wicket, Third Man","Right-arm, In Swing, Leg Break, Flick, Sweep, Fine Leg"
Norman Leask,Top-Order,25,627,454,25,25.08,138.11,69,16,3,0,154,33.92%,59.33%,5.34,2.95,18.16,15.31%,28.38,69.11,"Outside Leg, In Swing, Hook, SlogSweep, Square Leg","Length Delivery, Down The Track, Seam Away, Slog"
Dougal Johnstone,Power-Hitter,35,696,454,24,29.0,153.3,44,42,4,0,111,24.45%,61.49%,5.28,4.09,18.92,36.21%,10.81,72.83,"Full Toss, Outside Leg, Wide Off, Slog, Sweep, Long On","Half Volley, Yorker, Front Foot, Right-arm, In Swing, Out Swing, Long Off"
Ruaridh Thomson,Power-Hitter,42,642,453,32,20.06,141.72,54,27,1,0,121,26.71%,58.88%,5.59,3.74,14.16,25.23%,16.78,70.97,"Yorker, Outside Leg, Leg Break, Off Cutter, Square Leg","Out Swing, Slower Ball, Slog, Long Off"
Iain Wemyss,Top-Order,16,682,450,15,45.47,151.56,67,29,4,1,122,27.11%,64.81%,4.69,3.69,30.0,25.51%,15.52,67.8,"Length Delivery, Outside Off, Cut, Sweep, Long Off, Third Man","Yorker, In Swing, Hook, Pull, Square Leg, Mid Wicket"
Findlay Kerr,Middle Order,32,638,447,30,21.27,142.73,46,32,4,0,93,20.81%,58.93%,5.73,4.81,14.9,30.09%,13.97,71.0,"Full Toss, Backs Away, Googly, Leg Break, Flick, Sweep","Short Length, Right-arm, Out Swing, Slower Ball, Pull, Covers"
Ollie Guthrie,Middle Order,32,505,445,30,16.83,113.48,42,16,3,0,170,38.20%,52.28%,7.67,2.62,14.83,19.01%,27.81,62.27,"On Stumps, Backs Away, Off Cutter, Flick","Half Volley, Drive, Point, Covers"
Logan Craig,Middle Order,26,639,445,24,26.62,143.6,65,28,5,0,164,36.85%,66.98%,4.78,2.71,18.54,26.29%,15.89,59.94,"Back Foot, Hook, Pull, Point, Covers","Front Foot, Left-arm, In Swing, Leg Break, Flick"
Ewan Nicolson,Top-Order,22,690,445,19,36.32,155.06,70,38,7,0,139,31.24%,73.62%,4.12,3.2,23.42,33.04%,11.71,54.01,"Short Length, Outside Off, Back Foot, Leg Break, Pull, SlogSweep","Full Toss, Half Volley, Wide Off, Moves Front, Slower Ball, Flick, Mid Wicket"
Roy Nicolson,Top-Order,22,555,444,21,26.43,125.0,42,27,2,0,197,44.37%,59.46%,6.43,2.25,21.14,29.19%,16.44,60.0,"Back of Length, Outside Leg, Down The Track, Off Cutter, Flick","Half Volley, Outside Off, Front Foot, Out Swing, Drive"
Bruce MacLaren,Lower Order,48,559,443,35,15.97,126.19,33,32,2,0,172,38.83%,57.96%,6.82,2.58,12.66,34.35%,13.84,62.17,"Full Toss, Front Foot, Left-arm, Slower Ball, Slog, Long Off, Long On","Back of Length, Wide Off, Back Foot, Right-arm, Cut, Hook, Point"
Ranald Yuill,Top-Order,18,559,440,13,43.0,127.05,50,12,3,0,145,32.95%,48.66%,7.1,3.03,33.85,12.88%,36.67,75.93,"Outside Off, Front Foot, Left-arm, Out Swing","Off Cutter, Pull, Mid Wicket, Long On"
Duncan Kerr,Top-Order,25,681,440,24,28.38,154.77,73,32,3,1,85,19.32%,71.07%,4.19,5.18,18.33,28.19%,13.75,58.81,"Outside Off, Front Foot, Right-arm, Out Swing, Fine Leg","Back of Length, Wide Off, Off Cutter, Long On"
Shaw Gordon,Middle Order,26,524,439,25,20.96,119.36,45,20,2,0,176,40.09%,57.25%,6.75,2.49,17.56,22.90%,21.95,59.89,"Full Toss, Leg Break, Seam Away, Sweep, Point","On Stumps, Moves Front, In Swing, Pull, Covers, Long On"
Douglas Douglas,Middle Order,19,504,438,16,31.5,115.07,50,14,3,0,181,41.32%,56.35%,6.84,2.42,27.38,16.67%,31.29,58.82,"Length Delivery, Outside Off, Leg Break, Slower Ball","Short Length, Right-arm, Off Break, Mid Wicket"
Kyle MacLeod,Lower Order,27,498,437,23,21.65,113.96,35,20,3,0,179,40.96%,52.21%,7.95,2.44,19.0,24.10%,21.85,62.3,"Back Foot, Backs Away, Seam Away, Pull, SlogSweep, Third Man","Full Toss, Yorker, In Swing, Flick, Sweep, Fine Leg"
Stewart Stewart,Power-Hitter,52,644,437,43,14.98,147.37,46,38,1,0,154,35.24%,63.98%,5.2,2.84,10.16,35.40%,11.5,65.72,"Half Volley, Down The Track, Out Swing, Slog, Covers, Third Man","Yorker, Outside Leg, Flick, Pull, Square Leg"
Alec MacDuff,Top-Order,19,766,435,16,47.88,176.09,71,48,4,2,79,18.16%,74.67%,3.66,5.51,27.19,37.60%,9.06,61.39,"Half Volley, Front Foot, Out Swing, Drive, Covers, Long Off","Back of Length, Short Length, Outside Leg, Back Foot, Cut, Square Leg"
Connor MacQuarrie,Middle Order,20,459,432,19,24.16,106.25,35,18,3,0,198,45.83%,54.03%,8.15,2.18,22.74,23.53%,24.0,55.67,"Moves Front, Right-arm, Off Break, SlogSweep, Mid Wicket, Fine Leg","Back of Length, Outside Off, Wide Off, Googly, Drive, Point, Square Leg"
Rabbie MacDougall,Power-Hitter,29,533,432,24,22.21,123.38,24,30,1,0,161,37.27%,51.78%,8.0,2.68,18.0,33.77%,14.4,67.99,"Back of Length, Googly, Off Cutter, Slog, Long On","Half Volley, Yorker, In Swing, Hook"
Shaw Logan,Lower Order,23,380,431,19,20.0,88.17,24,8,1,0,196,45.48%,37.89%,13.47,2.2,22.68,12.63%,53.88,59.15,"Back of Length, Outside Leg, Outside Off, Leg Break, Mid Wicket","Yorker, On Stumps, Wide Off, In Swing, Hook"
Lewis MacMillan,Top-Order,13,733,431,11,66.64,170.07,74,37,5,2,146,33.87%,70.67%,3.88,2.95,39.18,30.29%,11.65,67.19,"Half Volley, Outside Off, Front Foot, Out Swing, Drive, Covers","Back Foot, Off Break, Slog, SlogSweep, Mid Wicket, Long On"
Sandy Cairns,Top-Order,21,694,431,18,38.56,161.02,51,40,6,0,80,18.56%,63.98%,4.74,5.39,23.94,34.58%,10.78,73.53,"Outside Leg, Front Foot, Drive, Hook, Square Leg, Fine Leg","Down The Track, Googly, Leg Break, Cut, Slog, Covers, Third Man"
Grant Kerr,Top-Order,23,676,429,23,29.39,157.58,72,32,7,0,162,37.76%,71.01%,4.13,2.65,18.65,28.40%,13.41,60.31,"On Stumps, Wide Off, Off Cutter, SlogSweep, Long On","Half Volley, Outside Leg, Square Leg, Fine Leg"
Lachlan MacLennan,Middle Order,26,581,428,22,26.41,135.75,53,27,2,1,168,39.25%,64.37%,5.35,2.55,19.45,27.88%,15.85,59.48,"Length Delivery, Front Foot, Moves Front, Drive, Sweep, Mid Wicket","Back Foot, Right-arm, Seam Away, Cut, Hook, Point"
Jack Miller,Power-Hitter,22,475,427,21,22.62,111.24,44,9,2,0,178,41.69%,48.42%,8.06,2.4,20.33,11.37%,47.44,65.51,"Half Volley, In Swing, Cut, Sweep, Fine Leg","Down The Track, Googly, Slower Ball, Slog, Long Off"
Iain Logan,Power-Hitter,34,629,427,34,18.5,147.31,40,43,3,0,172,40.28%,66.45%,5.14,2.48,12.56,41.02%,9.93,61.34,"Back of Length, On Stumps, Back Foot, Out Swing, Hook, Mid Wicket, Long On","Outside Leg, Wide Off, Backs Away, Googly, Leg Break, Fine Leg"
Stuart Buchanan,Middle Order,26,571,426,22,25.95,134.04,57,17,2,0,88,20.66%,57.79%,5.76,4.84,19.36,17.86%,25.06,68.47,"Moves Front, In Swing, Out Swing, Flick, Fine Leg","Back of Length, Slower Ball, SlogSweep, Long Off"
Murray Sempill,Middle Order,28,628,426,21,29.9,147.42,58,25,3,0,127,29.81%,60.83%,5.13,3.35,20.29,23.89%,17.04,71.72,"Yorker, Leg Break, SlogSweep, Point, Long On","Half Volley, Right-arm, In Swing, Out Swing, Pull"
Drew Muir,Power-Hitter,47,624,426,30,20.8,146.48,39,35,0,0,135,31.69%,58.65%,5.76,3.16,14.2,33.65%,12.17,73.3,"Back of Length, Back Foot, Leg Break, Seam Away, Cut, Hook, Point","Full Toss, Half Volley, Outside Leg, Out Swing, Drive, Covers, Long On"
Finn Roy,Top-Order,16,682,426,16,42.62,160.09,59,44,4,2,160,37.56%,73.31%,4.14,2.66,26.63,38.71%,9.68,56.35,"Full Toss, Back Foot, Slog, Square Leg","Wide Off, Right-arm, Leg Break, Out Swing"
Jamie MacIntosh,Top-Order,18,452,424,17,26.59,106.6,39,11,2,0,172,40.57%,49.12%,8.48,2.47,24.94,14.60%,38.55,61.5,"Length Delivery, Outside Leg, Off Break, Drive, Flick, Long On","Back of Length, Back Foot, Seam Away, Point, Third Man"
Arran Oliphant,Middle Order,24,634,421,23,27.57,150.59,72,22,4,0,95,22.57%,66.25%,4.48,4.43,18.3,20.82%,19.14,65.44,"Outside Leg, Googly, SlogSweep, Sweep, Square Leg, Long On","Outside Off, Out Swing, Seam Away, Covers"
Christopher Dunbar,Lower Order,29,495,420,27,18.33,117.86,48,15,1,0,187,44.52%,56.97%,6.67,2.25,15.56,18.18%,28.0,59.66,"Backs Away, Moves Front, Cut, Long Off, Third Man","On Stumps, Right-arm, In Swing, Hook, Square Leg"
Hugh Gow,Top-Order,25,567,419,13,43.62,135.32,49,15,2,0,121,28.88%,50.44%,6.55,3.46,32.23,15.87%,27.93,79.15,"Yorker, Outside Off, In Swing, Slower Ball, Cut","Length Delivery, Right-arm, Off Break, Sweep, Mid Wicket"
Farquhar Murdoch,Middle Order,28,567,418,21,27.0,135.65,56,12,5,0,77,18.42%,52.20%,6.15,5.43,19.9,12.70%,34.83,77.43,"Short Length, Wide Off, Moves Front, Googly, Sweep, Fine Leg","Back of Length, Front Foot, Slower Ball, Slog, Long Off"
Wallace Roy,Power-Hitter,29,550,418,23,23.91,131.58,39,28,2,0,138,33.01%,58.91%,6.24,3.03,18.17,30.55%,14.93,64.39,"Moves Front, Slower Ball, Drive, Mid Wicket, Long Off","Outside Leg, Backs Away, Left-arm, Sweep, Square Leg, Fine Leg"
Eoin Lamont,Middle Order,28,634,417,24,26.42,152.04,70,28,4,0,145,34.77%,70.66%,4.26,2.88,17.38,26.50%,14.89,58.31,"Back of Length, Short Length, Back Foot, Cut, Mid Wicket","Length Delivery, Yorker, Down The Track, Front Foot, Covers, Long On"
Ruaridh Reid,Middle Order,29,576,417,17,33.88,138.13,42,30,1,0,135,32.37%,60.42%,5.79,3.09,24.53,31.25%,13.9,66.09,"Short Length, Down The Track, Leg Break, Drive, Sweep, Long Off","Moves Front, Left-arm, Out Swing, Flick, Mid Wicket, Third Man"
Ollie Rankin,Lower Order,25,399,416,20,19.95,95.91,29,16,0,0,199,47.84%,53.13%,9.24,2.09,20.8,24.06%,26.0,50.4,"Down The Track, Moves Front, Off Break, Slower Ball, Pull, Covers, Long On","On Stumps, Outside Leg, In Swing, Cut, Flick, Fine Leg"
Duncan MacFarlane,Middle Order,26,606,415,25,24.24,146.02,70,25,3,0,170,40.96%,70.96%,4.37,2.44,16.6,24.75%,16.6,55.0,"Back of Length, On Stumps, Back Foot, Left-arm, Drive, Mid Wicket","Yorker, Down The Track, Googly, Leg Break, Fine Leg"
Drew Kinnear,Middle Order,21,517,414,19,27.21,124.88,59,12,3,0,157,37.92%,59.57%,5.83,2.64,21.79,13.93%,34.5,60.93,"Half Volley, On Stumps, Outside Off, Out Swing, Long On","Back of Length, Short Length, Wide Off, Back Foot, Leg Break, Hook"
Jack MacNab,Power-Hitter,32,509,414,25,20.36,122.95,27,27,0,0,148,35.75%,53.05%,7.67,2.8,16.56,31.83%,15.33,66.39,"Back of Length, Half Volley, Down The Track, Pull, Slog, Point, Mid Wicket","Yorker, Outside Leg, Left-arm, In Swing, Flick, Hook, Fine Leg"
Lorne MacFarlane,Power-Hitter,59,559,413,44,12.7,135.35,44,34,0,0,190,46.00%,67.98%,5.29,2.17,9.39,36.49%,12.15,53.43,"Short Length, Outside Off, Backs Away, Out Swing, Seam Away, Pull","Full Toss, Length Delivery, On Stumps, Down The Track, Flick"
Ruaridh Grant,Lower Order,23,280,412,21,13.33,67.96,25,3,1,0,251,60.92%,42.14%,14.71,1.64,19.62,6.43%,137.33,42.19,"Down The Track, Slower Ball, Cut, Pull, Long Off","Length Delivery, Backs Away, Googly, Flick, SlogSweep"
Graeme Scott,Lower Order,26,387,412,23,16.83,93.93,37,6,1,0,202,49.03%,47.55%,9.58,2.04,17.91,9.30%,68.67,55.01,"Outside Off, Moves Front, Cut, Drive, Mid Wicket, Long On","Outside Leg, Backs Away, Flick, Hook, Fine Leg"
Eoin Reid,Top-Order,16,504,412,16,31.5,122.33,49,16,3,0,158,38.35%,57.94%,6.34,2.61,25.75,19.05%,25.75,61.1,"Half Volley, Backs Away, Seam Away, Cut, Point, Long Off","On Stumps, Pull, SlogSweep, Square Leg, Mid Wicket"
Rabbie Burnett,Middle Order,21,481,410,17,28.29,117.32,41,17,2,0,167,40.73%,55.30%,7.07,2.46,24.12,21.21%,24.12,61.08,"Half Volley, Yorker, Down The Track, Leg Break, Slower Ball, Long Off","Short Length, Back Foot, Pull, Mid Wicket"
Kieran Barclay,Top-Order,18,588,410,16,36.75,143.41,50,35,5,1,179,43.66%,69.73%,4.82,2.29,25.63,35.71%,11.71,54.77,"Short Length, Yorker, Outside Off, Square Leg, Mid Wicket","Half Volley, Wide Off, Backs Away, Leg Break, Long Off"
Shaw Rutherford,Power-Hitter,35,667,410,28,23.82,162.68,47,44,3,0,108,26.34%,67.77%,4.51,3.8,14.64,39.58%,9.32,67.4,"Full Toss, Down The Track, Moves Front, Slog, SlogSweep, Long On","Short Length, Off Cutter, Cut, Sweep, Fine Leg"
Maxwell MacLennan,Top-Order,17,371,408,14,26.5,90.93,32,7,2,0,193,47.30%,45.82%,10.46,2.11,29.14,11.32%,58.29,54.47,"Front Foot, Drive, Flick, Covers, Mid Wicket","Left-arm, Off Break, Seam Away, Sweep, Point"
Murdo Lindsay,Power-Hitter,27,523,407,26,20.12,128.5,57,22,1,0,118,28.99%,68.83%,5.15,3.45,15.65,25.24%,18.5,49.7,"Full Toss, Half Volley, Wide Off, Backs Away, Point","Right-arm, Off Cutter, Slower Ball, SlogSweep, Fine Leg"
Ranald MacEwan,Middle Order,21,479,405,17,28.18,118.27,33,8,2,0,125,30.86%,37.58%,9.88,3.24,23.82,10.02%,50.63,82.14,"Front Foot, In Swing, Seam Away, Flick, Hook","Backs Away, Googly, Off Cutter, Long On"
Euan Barclay,Lower Order,25,430,404,22,19.55,106.44,29,10,0,0,163,40.35%,40.93%,10.36,2.48,18.36,13.95%,40.4,69.59,"Outside Leg, Outside Off, Googly, Seam Away, Point, Square Leg","Off Break, Slog, Mid Wicket, Long On"
Finlay Barclay,Top-Order,18,627,404,16,39.19,155.2,54,40,4,0,163,40.35%,72.73%,4.3,2.48,25.25,38.28%,10.1,55.16,"Outside Leg, Out Swing, Slower Ball, SlogSweep, Square Leg","Length Delivery, Wide Off, Seam Away, Cut, Point"
Lorne Bannerman,Power-Hitter,37,654,402,24,27.25,162.69,54,40,2,0,117,29.10%,69.72%,4.28,3.44,16.75,36.70%,10.05,64.29,"Half Volley, Short Length, Outside Leg, Front Foot, Flick, Fine Leg, Long Off","Outside Off, Right-arm, Googly, Seam Away, Cut, Long On, Third Man"
Bruce MacMillan,Top-Order,15,540,401,10,54.0,134.66,54,9,4,1,122,30.42%,50.00%,6.37,3.29,40.1,10.00%,44.56,79.88,"Length Delivery, Front Foot, Googly, Covers","Leg Break, Off Break, SlogSweep, Mid Wicket"
Christopher Reid,Power-Hitter,27,509,401,24,21.21,126.93,31,27,1,0,141,35.16%,56.19%,6.91,2.84,16.71,31.83%,14.85,65.01,"Back of Length, Full Toss, Outside Leg, Out Swing, Slog, Square Leg","Length Delivery, Wide Off, Moves Front, Leg Break, Seam Away, Long Off"
Rory Tennant,Top-Order,23,598,399,22,27.18,149.87,66,30,4,0,175,43.86%,74.25%,4.16,2.28,18.14,30.10%,13.3,50.83,"Back Foot, Off Break, Slower Ball, SlogSweep, Long Off, Long On","Outside Off, Out Swing, Seam Away, Flick, Covers, Fine Leg"
Struan Wemyss,Top-Order,20,610,399,17,35.88,152.88,54,36,2,1,148,37.09%,70.82%,4.43,2.7,23.47,35.41%,11.08,57.61,"Outside Leg, Off Cutter, Covers, Mid Wicket","Length Delivery, Seam Away, Cut, Third Man"
Alistair Buchanan,Top-Order,16,759,399,14,54.21,190.23,72,57,5,3,162,40.60%,83.00%,3.09,2.46,28.5,45.06%,7.0,47.78,"Off Cutter, Out Swing, Slog, SlogSweep, Mid Wicket, Third Man","Half Volley, Outside Leg, Seam Away, Sweep, Fine Leg"
Colin Watson,Power-Hitter,24,517,398,19,27.21,129.9,40,25,3,0,64,16.08%,59.96%,6.12,6.22,20.95,29.01%,15.92,62.16,"Yorker, On Stumps, Slog, SlogSweep, Long On","Wide Off, Backs Away, Googly, Point, Long Off"
Donald Miller,Power-Hitter,32,520,397,25,20.8,130.98,42,29,1,0,175,44.08%,65.77%,5.59,2.27,15.88,33.46%,13.69,54.6,"Down The Track, Moves Front, Slower Ball, Slog, Mid Wicket, Long Off","Outside Leg, Wide Off, Backs Away, Left-arm, Sweep"
Dougal Abercrombie,Power-Hitter,24,518,396,22,23.55,130.81,34,41,1,0,198,50.00%,73.75%,5.28,2.0,18.0,47.49%,9.66,42.37,"Full Toss, Yorker, Pull, SlogSweep, Long Off","On Stumps, Right-arm, Seam Away, Point"
Magnus Ramsay,Middle Order,19,514,395,18,28.56,130.13,47,24,4,1,178,45.06%,64.59%,5.56,2.22,21.94,28.02%,16.46,56.17,"Back of Length, Down The Track, Googly, Pull","Outside Off, Out Swing, Drive, Third Man"
Iain Innes,Top-Order,16,449,394,15,29.93,113.96,50,11,3,0,180,45.69%,59.24%,6.46,2.19,26.27,14.70%,35.82,54.95,"Back Foot, Seam Away, Cut, Square Leg","Googly, Leg Break, Flick, Long On"
William Anderson,Lower Order,23,464,393,19,24.42,118.07,42,12,2,0,158,40.20%,51.72%,7.28,2.49,20.68,15.52%,32.75,66.08,"Outside Off, Back Foot, Front Foot, Seam Away, Drive, Slog, Covers","Outside Leg, Leg Break, Off Cutter, Flick, Sweep, Square Leg, Fine Leg"
Christopher Gow,Power-Hitter,27,589,393,26,22.65,149.87,54,30,3,0,67,17.05%,67.23%,4.68,5.87,15.12,30.56%,13.1,62.46,"Outside Leg, Front Foot, Left-arm, Cut, SlogSweep","Down The Track, Moves Front, Googly, Slower Ball, Hook, Slog"
Tavish Ramsay,Power-Hitter,24,511,391,22,23.23,130.69,46,18,2,0,98,25.06%,57.14%,6.11,3.99,17.77,21.14%,21.72,66.97,"Half Volley, Length Delivery, Moves Front, Googly, Drive, Long On","Short Length, Back Foot, Right-arm, In Swing, Cut, Fine Leg"
Rory Innes,Top-Order,23,562,391,19,29.58,143.73,54,24,4,0,98,25.06%,64.06%,5.01,3.99,20.58,25.62%,16.29,64.54,"Front Foot, Seam Away, Point, Third Man","Short Length, On Stumps, Off Break, Pull, Mid Wicket"
Archie Maitland,Middle Order,20,564,391,17,33.18,144.25,44,32,4,0,89,22.76%,65.25%,5.14,4.39,23.0,34.04%,12.22,62.22,"Backs Away, In Swing, Off Break, Fine Leg","Seam Away, Drive, Square Leg, Long Off"
Lachlan Buchanan,Lower Order,21,380,388,18,21.11,97.94,30,10,0,0,169,43.56%,47.37%,9.7,2.3,21.56,15.79%,38.8,57.47,"Outside Off, Back Foot, Off Break, Out Swing, Point","Half Volley, Outside Leg, In Swing, Slower Ball, Fine Leg, Long Off"
Roy Sutherland,Middle Order,25,572,388,18,31.78,147.42,41,29,1,0,65,16.75%,59.09%,5.54,5.97,21.56,30.42%,13.38,73.58,"Back Foot, Backs Away, Leg Break, Point, Third Man","Front Foot, Left-arm, Off Cutter, Flick, Slog, Fine Leg"
Murray Colquhoun,Top-Order,21,604,387,19,31.79,156.07,48,35,4,1,138,35.66%,66.56%,4.66,2.8,20.37,34.77%,11.06,66.45,"Yorker, Out Swing, Cut, Drive, Long On, Third Man","Short Length, Outside Leg, Hook, SlogSweep, Square Leg, Mid Wicket"
Finlay Traquair,Power-Hitter,30,551,385,29,19.0,143.12,65,12,1,0,70,18.18%,60.25%,5.0,5.5,13.28,13.07%,32.08,71.1,"Length Delivery, Short Length, Hook, SlogSweep, Square Leg, Long On","Outside Off, Wide Off, Backs Away, Out Swing, Seam Away, Cut, Point"
Arran Forsyth,Power-Hitter,29,518,385,25,20.72,134.55,50,19,1,0,142,36.88%,60.62%,5.58,2.71,15.4,22.01%,20.26,64.56,"Front Foot, Left-arm, In Swing, Off Cutter, Drive, Long On","Short Length, Back Foot, Googly, Leg Break, Sweep, Point, Square Leg"
Hector MacNab,Top-Order,19,466,384,13,35.85,121.35,37,13,0,1,122,31.77%,48.50%,7.68,3.15,29.54,16.74%,29.54,71.86,"Half Volley, On Stumps, Front Foot, Drive","Wide Off, Back Foot, Left-arm, Cut"
Norman Rae,Middle Order,20,490,384,18,27.22,127.6,51,16,2,0,162,42.19%,61.22%,5.73,2.37,21.33,19.59%,24.0,59.94,"Outside Leg, Off Break, Slog, Square Leg","Half Volley, Outside Off, Front Foot, Out Swing"
Callum MacLean,Power-Hitter,28,555,384,22,25.23,144.53,44,27,1,0,122,31.77%,60.90%,5.41,3.15,17.45,29.19%,14.22,69.33,"Down The Track, Right-arm, Leg Break, Slog, Long Off","Yorker, Back Foot, Flick, Pull, Fine Leg"
Callum Roy,Top-Order,15,583,384,11,53.0,151.82,33,42,4,1,141,36.72%,65.87%,5.12,2.72,34.91,43.22%,9.14,64.4,"Leg Break, Pull, SlogSweep, Mid Wicket","Full Toss, Half Volley, Outside Off, Out Swing, Drive"
Murray Graham,Middle Order,25,501,383,17,29.47,130.81,49,9,2,0,65,16.97%,49.90%,6.6,5.89,22.53,10.78%,42.56,77.23,"Leg Break, Slower Ball, Pull, SlogSweep, Point","Yorker, Front Foot, In Swing, Flick, Third Man"
Craig Gray,Top-Order,19,547,383,15,36.47,142.82,56,19,3,0,133,34.73%,61.79%,5.11,2.88,25.53,20.84%,20.16,67.86,"Half Volley, Length Delivery, Leg Break, Drive, SlogSweep, Long Off","Wide Off, Off Cutter, Seam Away, Hook, Fine Leg, Third Man"
Jack Forsyth,Power-Hitter,25,517,383,24,21.54,134.99,46,25,3,0,168,43.86%,64.60%,5.39,2.28,15.96,29.01%,15.32,58.65,"Short Length, Outside Off, Off Cutter, Pull, SlogSweep, Covers, Mid Wicket","Length Delivery, Yorker, On Stumps, Backs Away, Down The Track, Googly, Seam Away"
Dugald Pollock,Middle Order,30,605,382,20,30.25,158.38,39,36,4,0,77,20.16%,61.49%,5.09,4.96,19.1,35.70%,10.61,75.9,"Outside Leg, Back Foot, Off Break, Off Cutter, Flick, SlogSweep","Half Volley, Moves Front, Drive, Covers, Long Off"
Aiden Paterson,Middle Order,28,515,380,18,28.61,135.53,35,28,2,0,136,35.79%,59.81%,6.03,2.79,21.11,32.62%,13.57,65.3,"Moves Front, Leg Break, Point, Mid Wicket","Outside Leg, Out Swing, Slower Ball, Drive"
Alec Muir,Top-Order,20,440,378,18,24.44,116.4,38,15,2,1,156,41.27%,55.00%,7.13,2.42,21.0,20.45%,25.2,60.92,"Length Delivery, Front Foot, Moves Front, Covers, Mid Wicket","Short Length, Back Foot, Right-arm, Seam Away, Cut, Point, Third Man"
Angus Kirkwood,Top-Order,11,413,377,9,45.89,109.55,30,11,3,0,150,39.79%,45.04%,9.2,2.51,41.89,15.98%,34.27,67.56,"Outside Off, Seam Away, Point, Third Man","Length Delivery, Short Length, Hook, Square Leg"
Fergus Hume,Lower Order,47,533,377,32,16.66,141.38,44,23,0,0,128,33.95%,58.91%,5.63,2.95,11.78,25.89%,16.39,70.65,"Full Toss, Wide Off, Backs Away, Leg Break, Off Cutter, Mid Wicket, Long On","Yorker, Back Foot, Front Foot, Left-arm, In Swing"
Andrew Miller,Top-Order,21,648,377,21,30.86,171.88,64,43,2,2,150,39.79%,79.32%,3.52,2.51,17.95,39.81%,8.77,49.63,"Back of Length, Half Volley, Slower Ball, Drive, Long On","Backs Away, Left-arm, In Swing, Leg Break"
Jack Maxwell,Middle Order,19,467,376,18,25.94,124.2,30,30,4,0,174,46.28%,64.24%,6.27,2.16,20.89,38.54%,12.53,52.85,"On Stumps, Moves Front, Slog, Sweep, Mid Wicket, Long On","Wide Off, Left-arm, Seam Away, Cut, Third Man"
Brodie Keith,Top-Order,19,529,375,17,31.12,141.07,50,26,2,0,118,31.47%,67.30%,4.93,3.18,22.06,29.49%,14.42,57.86,"Down The Track, Leg Break, Off Break, SlogSweep, Long Off","Back of Length, Back Foot, Flick, Pull, Square Leg"
Hector Carmichael,Power-Hitter,25,447,374,18,24.83,119.52,46,12,1,0,147,39.30%,57.27%,6.45,2.54,20.78,16.11%,31.17,60.44,"Short Length, Back Foot, Leg Break, Pull, SlogSweep","Full Toss, Length Delivery, Wide Off, In Swing, Drive"
Archibald MacTaggart,Middle Order,22,558,374,18,31.0,149.2,70,25,2,0,165,44.12%,77.06%,3.94,2.27,20.78,26.88%,14.96,45.88,"Down The Track, Off Break, Out Swing, SlogSweep, Long Off, Long On","Full Toss, Wide Off, Back Foot, Backs Away, Seam Away, Third Man"
Kieran Yuill,Lower Order,23,387,373,22,17.59,103.75,36,10,0,0,175,46.92%,52.71%,8.11,2.13,16.95,15.50%,37.3,55.96,"Half Volley, Moves Front, Off Cutter, Out Swing, Long On","Short Length, Googly, Leg Break, Cut"
Lennox MacQuarrie,Middle Order,20,486,373,17,28.59,130.29,39,18,1,0,131,35.12%,54.32%,6.54,2.85,21.94,22.22%,20.72,70.25,"On Stumps, Down The Track, Off Cutter, Flick, Sweep, Mid Wicket","Outside Off, Back Foot, Seam Away, Cut, Point"
Cailean Hay,Top-Order,16,351,372,15,23.4,94.35,34,12,4,0,197,52.96%,59.26%,8.09,1.89,24.8,20.51%,31.0,43.87,"Half Volley, Yorker, Front Foot, Flick, Square Leg","Short Length, Back Foot, Off Cutter, Seam Away, Cut, Third Man"
William Cumming,Middle Order,26,527,372,26,20.27,141.67,44,30,6,0,147,39.52%,67.55%,5.03,2.53,14.31,34.16%,12.4,57.38,"Full Toss, Backs Away, Moves Front, Out Swing, Covers, Mid Wicket","Front Foot, Off Break, Slower Ball, Hook, Sweep, Fine Leg"
Malcolm Grant,Middle Order,24,464,370,22,21.09,125.41,44,10,0,0,91,24.59%,50.86%,6.85,4.07,16.82,12.93%,37.0,72.15,"Yorker, On Stumps, In Swing, Leg Break, Cut, Third Man","Length Delivery, Short Length, Drive, Covers, Long On"
Innes Napier,Middle Order,18,458,370,11,41.64,123.78,32,17,2,0,128,34.59%,50.22%,7.55,2.89,33.64,22.27%,21.76,71.03,"Half Volley, Wide Off, Off Break, Drive, Covers","Back of Length, Short Length, Pull, Square Leg"
Lachlan MacBeth,Lower Order,25,406,370,17,23.88,109.73,19,23,0,0,153,41.35%,52.71%,8.81,2.42,21.76,33.99%,16.09,58.54,"On Stumps, Outside Off, Front Foot, In Swing, Cut, Covers, Mid Wicket","Backs Away, Right-arm, Googly, Leg Break, Pull, Point"
Charlie Stirling,Middle Order,22,457,367,18,25.39,124.52,42,9,3,0,120,32.70%,48.58%,7.2,3.06,20.39,11.82%,40.78,74.37,"Off Cutter, Slower Ball, Flick, Sweep, Fine Leg","Half Volley, Outside Off, Back Foot, Out Swing, Hook, Point"
Ollie Forbes,Lower Order,35,415,366,26,15.96,113.39,33,8,1,0,125,34.15%,43.37%,8.93,2.93,14.08,11.57%,45.75,72.31,"Back of Length, Yorker, Outside Off, Slower Ball, Cut, Hook, Square Leg","Length Delivery, Backs Away, Moves Front, In Swing"
Struan Henderson,Top-Order,18,489,365,17,28.76,133.97,42,18,4,0,124,33.97%,56.44%,6.08,2.94,21.47,22.09%,20.28,69.84,"Outside Off, Front Foot, In Swing, Drive, Point, Covers","Down The Track, Moves Front, Off Break, Slower Ball, Pull, SlogSweep, Mid Wicket"
Gregor Rae,Power-Hitter,24,507,365,17,29.82,138.9,23,35,3,0,135,36.99%,59.57%,6.29,2.7,21.47,41.42%,10.43,66.78,"Length Delivery, In Swing, Hook, Slog, Covers, Fine Leg","Backs Away, Right-arm, Cut, SlogSweep, Mid Wicket, Long On"
Eoin Innes,Middle Order,21,513,364,18,28.5,140.93,54,14,5,0,30,8.24%,58.48%,5.35,12.13,20.22,16.37%,26.0,71.96,"Full Toss, Outside Leg, Flick, Sweep, Square Leg","Left-arm, Out Swing, Slower Ball, Hook, Third Man"
Rabbie Sutherland,Top-Order,15,479,362,11,43.55,132.32,46,14,3,0,124,34.25%,55.95%,6.03,2.92,32.91,17.54%,25.86,69.87,"Half Volley, Outside Off, In Swing, Cut","Full Toss, Backs Away, Hook, Square Leg, Fine Leg"
Campbell Moffat,Power-Hitter,20,465,362,18,25.83,128.45,44,16,4,0,134,37.02%,58.49%,6.03,2.7,20.11,20.65%,22.63,63.91,"Short Length, Outside Leg, Outside Off, Googly, Hook","Yorker, Down The Track, Front Foot, In Swing, Long Off"
Grant MacDuff,Top-Order,18,465,362,12,38.75,128.45,32,20,3,0,121,33.43%,53.33%,6.96,2.99,30.17,25.81%,18.1,70.0,"Yorker, On Stumps, Front Foot, Leg Break, Off Break, Drive, SlogSweep","Back of Length, Back Foot, Seam Away, Cut, Hook, Third Man"
Neil Ferguson,Lower Order,21,321,361,19,16.89,88.92,27,7,0,0,170,47.09%,46.73%,10.62,2.12,19.0,13.08%,51.57,52.29,"Short Length, In Swing, Out Swing, Hook, Pull, Mid Wicket, Third Man","Length Delivery, Outside Leg, Googly, Leg Break, Drive, Point, Long Off"
Finn Moffat,Lower Order,50,457,361,24,19.04,126.59,23,26,1,0,135,37.40%,54.27%,7.37,2.67,15.04,34.14%,13.88,66.99,"On Stumps, Moves Front, Off Cutter, Out Swing, Slog, Long Off, Long On","Outside Leg, Wide Off, Backs Away, Seam Away, Cut, Pull, Point"
Craig Currie,Lower Order,28,310,360,24,12.92,86.11,24,11,0,0,192,53.33%,52.26%,10.29,1.88,15.0,21.29%,32.73,45.54,"Half Volley, Wide Off, Backs Away, Slog, SlogSweep","Short Length, In Swing, Flick, Fine Leg"
Ruaridh Kinnear,Power-Hitter,21,388,359,19,20.42,108.08,38,11,2,0,167,46.52%,56.19%,7.33,2.15,18.89,17.01%,32.64,54.84,"Short Length, On Stumps, Slog, Square Leg, Mid Wicket","Length Delivery, Front Foot, Left-arm, Drive, Covers, Long Off"
Lewis Bell,Power-Hitter,23,495,358,22,22.5,138.27,62,11,2,1,137,38.27%,63.43%,4.9,2.61,16.27,13.33%,32.55,63.51,"Back Foot, Right-arm, Off Cutter, Pull, SlogSweep, Square Leg","Length Delivery, Down The Track, Moves Front, In Swing, Drive, Long Off"
Stewart Ritchie,Middle Order,22,427,358,18,23.72,119.27,30,18,2,0,137,38.27%,53.40%,7.46,2.61,19.89,25.29%,19.89,64.19,"Length Delivery, Outside Leg, Moves Front, Flick, Sweep, Square Leg, Long On","Backs Away, Left-arm, Seam Away, Cut, Point, Third Man"
Wallace Urquhart,Power-Hitter,31,547,357,27,20.26,153.22,43,38,3,0,145,40.62%,73.13%,4.41,2.46,13.22,41.68%,9.39,53.26,"Back of Length, On Stumps, Outside Leg, Leg Break, Slog, Square Leg, Long On","Outside Off, Wide Off, Front Foot, Left-arm, Covers, Third Man"
Cameron Johnstone,Power-Hitter,29,446,356,23,19.39,125.28,41,15,2,0,133,37.36%,56.95%,6.36,2.68,15.48,20.18%,23.73,64.0,"Back Foot, Down The Track, Cut, Hook, Point, Long On","Yorker, Front Foot, Left-arm, In Swing, Drive, SlogSweep"
Wallace Paterson,Power-Hitter,23,520,356,22,23.64,146.07,43,28,3,0,71,19.94%,65.38%,5.01,5.01,16.18,32.31%,12.71,63.16,"Wide Off, Back Foot, Googly, Drive, SlogSweep","Down The Track, Slower Ball, Fine Leg, Long On"
Campbell Baxter,Power-Hitter,24,489,355,21,23.29,137.75,52,11,2,0,72,20.28%,56.03%,5.63,4.93,16.9,13.50%,32.27,73.63,"Outside Leg, Off Cutter, Slower Ball, Cut, Sweep, Point, Long On","Yorker, Front Foot, Left-arm, Hook, Pull, Covers"
Somerled Colquhoun,Middle Order,17,470,355,13,36.15,132.39,38,16,3,0,86,24.23%,52.77%,6.57,4.13,27.31,20.43%,22.19,73.75,"Length Delivery, Yorker, In Swing, Drive, Flick","Short Length, Back Foot, Off Break, Seam Away, Pull, SlogSweep"
Campbell Grant,Top-Order,17,504,355,11,45.82,141.97,35,27,2,1,122,34.37%,59.92%,5.73,2.91,32.27,32.14%,13.15,68.94,"Length Delivery, Yorker, Moves Front, Seam Away, Flick, Slog","Back of Length, Googly, Leg Break, SlogSweep, Sweep, Point, Long Off"
Fraser Clark,Lower Order,36,341,355,31,11.0,96.06,18,23,0,0,201,56.62%,61.58%,8.66,1.77,11.45,40.47%,15.43,41.72,"Outside Off, Off Break, Drive, Point","Moves Front, Flick, Hook, Square Leg"
Neil Sutherland,Middle Order,20,499,354,19,26.26,140.96,49,20,4,0,80,22.60%,63.33%,5.13,4.43,18.63,24.05%,17.7,64.21,"Back of Length, Length Delivery, Front Foot, Off Break, Slower Ball, Flick, Pull","Wide Off, Backs Away, Googly, Leg Break, Hook, Point, Third Man"
Drew Lamont,Power-Hitter,47,571,354,33,17.3,161.3,36,39,0,0,100,28.25%,66.20%,4.72,3.54,10.73,40.98%,9.08,69.18,"Outside Off, Back Foot, Front Foot, In Swing, Off Break, Hook, SlogSweep","Full Toss, Backs Away, Moves Front, Off Cutter, Slower Ball, Slog, Long Off"
Iain MacPherson,Power-Hitter,20,497,351,19,26.16,141.6,50,14,1,0,113,32.19%,57.14%,5.48,3.11,18.47,16.90%,25.07,74.22,"Yorker, Back Foot, Off Cutter, Seam Away","Down The Track, SlogSweep, Covers, Long Off"
Farquhar MacLean,Top-Order,11,574,351,10,57.4,163.53,47,32,5,0,111,31.62%,66.20%,4.44,3.16,35.1,33.45%,10.97,71.32,"Back of Length, Back Foot, Point, Third Man","Half Volley, Length Delivery, Drive, Covers"
Lennox Kennedy,Lower Order,30,324,349,27,12.0,92.84,24,12,1,0,116,33.24%,51.85%,9.69,3.01,12.93,22.22%,29.08,49.84,"Back of Length, Moves Front, Off Break, Off Cutter, Cut, Point, Covers","Short Length, Yorker, Backs Away, Left-arm, In Swing, Flick, Fine Leg"
Gavin Hunter,Power-Hitter,20,388,348,19,20.42,111.49,39,13,2,0,172,49.43%,60.31%,6.69,2.02,18.32,20.10%,26.77,52.03,"Short Length, On Stumps, Outside Leg, Back Foot, Square Leg","Outside Off, Front Foot, Seam Away, Drive, Point"
Aiden Pollock,Middle Order,18,489,347,17,28.76,140.92,47,16,3,0,118,34.01%,58.08%,5.51,2.94,20.41,19.63%,21.69,72.18,"On Stumps, In Swing, Flick, Covers","Short Length, Leg Break, SlogSweep, Fine Leg"
Wallace Elliot,Middle Order,23,471,347,16,29.44,135.73,34,25,3,0,132,38.04%,60.72%,5.88,2.63,21.69,31.85%,13.88,64.24,"Short Length, On Stumps, Moves Front, Googly, Mid Wicket, Long On","Wide Off, Backs Away, Seam Away, Slower Ball, Third Man"
Fraser Crawford,Middle Order,18,461,344,14,32.93,134.01,41,24,2,1,156,45.35%,66.81%,5.29,2.21,24.57,31.24%,14.33,54.84,"Length Delivery, Short Length, On Stumps, Sweep, Covers","Back of Length, Yorker, Wide Off, Slower Ball, Point, Third Man"
Gillies Maxwell,Power-Hitter,28,445,343,26,17.12,129.74,51,19,0,0,170,49.56%,71.46%,4.9,2.02,13.19,25.62%,18.05,46.52,"Wide Off, Down The Track, In Swing, Slower Ball, Cut, Covers","Full Toss, Outside Leg, Moves Front, SlogSweep, Mid Wicket"
Malcolm Skene,Middle Order,18,450,342,16,28.12,131.58,44,11,3,0,58,16.96%,53.78%,6.22,5.9,21.38,14.67%,31.09,72.47,"Yorker, Outside Leg, Flick, Sweep","Short Length, Back Foot, Seam Away, Hook"
Stuart Gray,Middle Order,19,494,342,16,30.88,144.44,48,16,3,0,74,21.64%,58.30%,5.34,4.62,21.38,19.43%,21.38,74.1,"Front Foot, Hook, Point, Covers","Off Break, Slog, SlogSweep, Long On"
Calum Ross,Power-Hitter,19,375,337,18,20.83,111.28,27,16,1,0,150,44.51%,54.40%,7.84,2.25,18.72,25.60%,21.06,58.16,"Outside Off, Down The Track, Googly, Leg Break, SlogSweep, Long Off","Back of Length, Yorker, Wide Off, Backs Away, In Swing, Flick"
Drew Brown,Power-Hitter,29,525,337,24,21.88,155.79,51,24,3,0,96,28.49%,66.29%,4.49,3.51,14.04,27.43%,14.04,67.56,"Googly, Slower Ball, Slog, SlogSweep, Mid Wicket, Long On","Back of Length, Back Foot, Cut, Hook, Point, Third Man"
Farquhar Tennant,Middle Order,24,492,337,22,22.36,145.99,39,29,4,0,133,39.47%,67.07%,4.96,2.53,15.32,35.37%,11.62,60.22,"Back of Length, Length Delivery, Outside Leg, Cut, Slog","Half Volley, Left-arm, Googly, Leg Break, Long Off"
Ewan Strachan,Top-Order,18,453,336,17,26.65,134.82,46,13,3,0,119,35.42%,57.84%,5.69,2.82,19.76,17.22%,25.85,68.95,"Down The Track, Googly, Cut, Fine Leg","Left-arm, Off Cutter, Seam Away, SlogSweep"
Arran Hunter,Lower Order,24,327,336,22,14.86,97.32,24,15,2,0,177,52.68%,56.88%,8.62,1.9,15.27,27.52%,22.4,47.47,"Full Toss, Down The Track, Off Break, Slower Ball, Slog, SlogSweep","Half Volley, Front Foot, Moves Front, Third Man"
Andrew Galbraith,Middle Order,25,502,336,19,26.42,149.4,33,39,3,0,146,43.45%,72.91%,4.67,2.3,17.68,46.61%,8.62,51.52,"Down The Track, Moves Front, Hook, SlogSweep, Long On","Outside Leg, Wide Off, Out Swing, Cut, Pull"
Colin MacKay,Middle Order,15,335,335,11,30.45,100.0,32,11,1,0,165,49.25%,57.91%,7.79,2.03,30.45,19.70%,30.45,48.29,"Full Toss, Length Delivery, Outside Leg, Front Foot, Flick, Slog","Back of Length, Short Length, Wide Off, Back Foot, Left-arm, Seam Away"
Aiden Galbraith,Lower Order,34,292,334,25,11.68,87.43,23,7,1,0,164,49.10%,45.89%,11.13,2.04,13.36,14.38%,47.71,51.97,"Short Length, Outside Leg, Outside Off, Back Foot, Seam Away, Point","Length Delivery, On Stumps, Down The Track, In Swing, Off Break, Slog, Long On"
Tavish Whyte,Power-Hitter,25,447,334,22,20.32,133.83,36,22,2,0,62,18.56%,61.74%,5.76,5.39,15.18,29.53%,15.18,61.96,"Wide Off, Backs Away, Off Cutter, Point","Yorker, Front Foot, In Swing, Fine Leg"
Murdo Robertson,Top-Order,16,448,333,15,29.87,134.53,56,6,3,0,108,32.43%,58.04%,5.37,3.08,22.2,8.04%,55.5,69.37,"Front Foot, Leg Break, Out Swing, Covers","Short Length, Backs Away, Left-arm, Flick, Mid Wicket"
Gregor Elliot,Top-Order,13,405,333,12,33.75,121.62,34,15,5,0,135,40.54%,55.80%,6.8,2.47,27.75,22.22%,22.2,63.03,"Outside Off, Seam Away, Cut, Long On","Short Length, Yorker, In Swing, Fine Leg"
Mungo Baxter,Middle Order,19,505,333,17,29.71,151.65,35,25,0,1,93,27.93%,57.43%,5.55,3.58,19.59,29.70%,13.32,78.75,"Half Volley, Leg Break, Seam Away, Drive, Square Leg, Long Off","On Stumps, Off Break, Off Cutter, Slog, Mid Wicket"
Wallace Rankin,Top-Order,19,494,332,18,27.44,148.8,45,30,4,0,150,45.18%,72.87%,4.43,2.21,18.44,36.44%,11.07,52.14,"Outside Leg, Moves Front, Cut, SlogSweep, Point","Full Toss, Half Volley, Out Swing, Pull, Slog"
Somerled Rutherford,Middle Order,18,349,329,13,26.85,106.08,29,10,3,0,151,45.90%,50.43%,8.44,2.18,25.31,17.19%,32.9,59.66,"Yorker, Front Foot, In Swing, Out Swing, Sweep, Fine Leg","Back of Length, Back Foot, Down The Track, Seam Away, Pull, Point, Mid Wicket"
Somerled Brodie,Middle Order,18,396,329,17,23.29,120.36,28,18,1,1,132,40.12%,55.56%,7.15,2.49,19.35,27.27%,18.28,62.19,"Outside Leg, Outside Off, Left-arm, Off Cutter, Flick","Back Foot, Down The Track, Leg Break, Slog, Long Off"
Struan Thomson,Middle Order,18,395,328,17,23.24,120.43,41,11,3,0,125,38.11%,58.23%,6.31,2.62,19.29,16.71%,29.82,59.78,"Full Toss, Googly, Off Break, SlogSweep, Sweep, Mid Wicket","Half Volley, Length Delivery, Outside Off, Slower Ball"
William MacBeth,Power-Hitter,21,405,327,14,28.93,123.85,31,7,0,0,89,27.22%,40.99%,8.61,3.67,23.36,10.37%,46.71,82.7,"Back of Length, Half Volley, Outside Leg, Wide Off, Front Foot, Covers","Full Toss, On Stumps, Googly, Leg Break, Slog, SlogSweep, Mid Wicket"
Tavish Dickson,Top-Order,18,438,327,17,25.76,133.94,41,17,1,1,120,36.70%,60.73%,5.64,2.73,19.24,23.29%,19.24,63.94,"Full Toss, Moves Front, Googly, Off Break, Slog, Point","Outside Off, Back Foot, Front Foot, Pull, Covers"
Archie Kennedy,Power-Hitter,21,414,326,18,23.0,126.99,17,14,2,0,89,27.30%,36.71%,10.52,3.66,18.11,20.29%,23.29,88.81,"Full Toss, Cut, Pull, Square Leg, Long On","Half Volley, Length Delivery, Front Foot, Covers, Fine Leg"
Robbie Duncan,Middle Order,16,438,326,15,29.2,134.36,39,15,2,0,95,29.14%,56.16%,6.04,3.43,21.73,20.55%,21.73,70.59,"Short Length, Down The Track, Hook, Long On","Back of Length, Front Foot, In Swing, Mid Wicket"
Somerled MacArthur,Power-Hitter,21,415,325,19,21.84,127.69,41,11,2,0,62,19.08%,55.42%,6.25,5.24,17.11,15.90%,29.55,67.77,"Outside Off, Cut, Flick, Square Leg, Third Man","Moves Front, Off Cutter, Slower Ball, Long On"
Colin Urquhart,Top-Order,14,478,324,12,39.83,147.53,53,20,3,0,122,37.65%,69.46%,4.44,2.66,27.0,25.10%,16.2,58.17,"Outside Off, Wide Off, Seam Away, Point, Mid Wicket","Outside Leg, Leg Break, Drive, SlogSweep, Square Leg, Long Off"
Alasdair MacLaren,Lower Order,24,317,323,20,15.85,98.14,29,8,1,0,157,48.61%,51.74%,8.73,2.06,16.15,15.14%,40.38,53.5,"Length Delivery, Moves Front, In Swing, Flick, Fine Leg","Back Foot, Leg Break, Cut, Long Off"
Gregor Gow,Middle Order,21,389,322,16,24.31,120.81,41,7,0,0,108,33.54%,52.96%,6.71,2.98,20.13,10.80%,46.0,66.79,"Moves Front, Seam Away, Drive, Mid Wicket","Outside Leg, In Swing, Point, Fine Leg"
Rory MacKenzie,Middle Order,21,342,322,17,20.12,106.21,20,14,2,0,137,42.55%,47.95%,9.47,2.35,18.94,24.56%,23.0,61.81,"Length Delivery, Wide Off, Back Foot, Seam Away, Pull","Full Toss, Yorker, Front Foot, Leg Break, Long Off"
Dugald MacLean,Top-Order,18,392,322,17,23.06,121.74,35,20,3,0,149,46.27%,66.33%,5.85,2.16,18.94,30.61%,16.1,49.44,"Outside Off, Down The Track, Front Foot, Googly, Out Swing","Outside Leg, SlogSweep, Square Leg, Mid Wicket"
Murdo Campbell,Lower Order,22,337,321,19,17.74,104.98,21,8,0,0,124,38.63%,39.17%,11.07,2.59,16.89,14.24%,40.13,70.21,"Short Length, Moves Front, Googly, Seam Away, Cut","In Swing, Drive, SlogSweep, Long Off"
Lewis Paterson,Lower Order,17,313,320,17,18.41,97.81,26,11,1,0,161,50.31%,54.31%,8.65,1.99,18.82,21.09%,29.09,50.53,"Outside Leg, Back Foot, Pull, Point, Square Leg","Half Volley, Moves Front, Googly, Covers, Fine Leg"
Lennox MacFarlane,Power-Hitter,21,456,318,19,24.0,143.4,38,19,2,0,110,34.59%,58.33%,5.58,2.89,16.74,25.00%,16.74,72.8,"Length Delivery, Moves Front, Leg Break, Seam Away, Long Off","Backs Away, Off Cutter, Out Swing, Mid Wicket"
Iain Keith,Lower Order,25,390,318,24,16.25,122.64,26,18,2,0,78,24.53%,54.36%,7.23,4.08,13.25,27.69%,17.67,64.96,"On Stumps, Front Foot, Right-arm, Out Swing, Slower Ball, Long On","Short Length, Yorker, Back Foot, Left-arm, Hook, Fine Leg"
Somerled Hendry,Top-Order,15,423,318,14,30.21,133.02,39,21,3,0,132,41.51%,66.67%,5.3,2.41,22.71,29.79%,15.14,54.65,"Short Length, On Stumps, Slower Ball, Pull, Square Leg","Length Delivery, Outside Off, Off Break, Drive"
Robert Kirkwood,Top-Order,16,382,317,8,47.75,120.5,30,7,2,0,60,18.93%,42.41%,8.57,5.28,39.63,10.99%,45.29,78.57,"Length Delivery, Outside Off, Point, Covers","Short Length, Yorker, Pull, Square Leg"
Kieran Guthrie,Middle Order,20,363,317,17,21.35,114.51,24,14,2,0,120,37.85%,49.59%,8.34,2.64,18.65,23.14%,22.64,65.59,"Back of Length, Outside Off, Cut, Point, Third Man","Full Toss, Half Volley, Front Foot, SlogSweep"
Calum Henderson,Top-Order,15,422,317,13,32.46,133.12,31,18,3,0,102,32.18%,54.98%,6.47,3.11,24.38,25.59%,17.61,70.9,"Outside Off, Googly, Seam Away, Sweep","Slower Ball, Hook, Pull, Long Off"
Murdo Farquharson,Top-Order,15,431,316,12,35.92,136.39,47,11,4,0,118,37.34%,58.93%,5.45,2.68,26.33,15.31%,28.73,68.6,"On Stumps, Out Swing, Seam Away, Drive","Short Length, Googly, Hook, Fine Leg"
Calum Carmichael,Top-Order,13,422,316,12,35.17,133.54,41,16,2,1,124,39.24%,61.61%,5.54,2.55,26.33,22.75%,19.75,62.55,"Length Delivery, Down The Track, Front Foot, Off Break, Cut, Flick, Square Leg","Back Foot, Backs Away, Off Cutter, Seam Away, Point, Third Man"
Rabbie Buchanan,Power-Hitter,19,477,316,19,25.11,150.95,56,19,3,0,112,35.44%,70.86%,4.21,2.82,16.63,23.90%,16.63,57.68,"Down The Track, In Swing, Leg Break, SlogSweep, Fine Leg","Short Length, Outside Off, Wide Off, Seam Away, Cut"
Sandy Currie,Power-Hitter,21,426,316,19,22.42,134.81,28,22,1,0,111,35.13%,57.28%,6.32,2.85,16.63,30.99%,14.36,68.42,"Outside Off, Wide Off, Moves Front, Covers, Long On","Back of Length, Back Foot, In Swing, Long Off"
Rabbie Gallacher,Top-Order,13,406,315,10,40.6,128.89,51,10,4,0,122,38.73%,65.02%,5.16,2.58,31.5,14.78%,31.5,55.91,"Half Volley, On Stumps, In Swing, Drive, Sweep, Fine Leg","Back of Length, Back Foot, Backs Away, Cut, Point"
Cailean Montgomery,Top-Order,15,411,315,12,34.25,130.48,38,19,2,0,129,40.95%,64.72%,5.53,2.44,26.25,27.74%,16.58,56.2,"Full Toss, Out Swing, Drive, Hook","Back of Length, Outside Leg, Sweep, Third Man"
Finlay Jardine,Lower Order,23,351,314,21,16.71,111.78,32,6,1,0,124,39.49%,46.72%,8.26,2.53,14.95,10.26%,52.33,67.75,"Full Toss, Half Volley, Cut, SlogSweep, Square Leg","On Stumps, Backs Away, Down The Track, Right-arm, Googly, In Swing"
Ross Inglis,Power-Hitter,20,407,314,19,21.42,129.62,50,8,2,0,130,41.40%,60.93%,5.41,2.42,16.53,11.79%,39.25,62.11,"Down The Track, Off Break, Off Cutter, Hook, Fine Leg","Half Volley, On Stumps, Outside Off, Moves Front, Seam Away"
Lorne Murray,Top-Order,14,375,312,12,31.25,120.19,24,9,3,0,100,32.05%,40.00%,9.45,3.12,26.0,14.40%,34.67,80.65,"Outside Off, Googly, Leg Break, Cut, Pull, Point","Full Toss, Length Delivery, Moves Front, Flick"
Sandy Hunter,Middle Order,21,345,312,14,24.64,110.58,26,10,2,0,114,36.54%,47.54%,8.67,2.74,22.29,17.39%,31.2,65.58,"Outside Off, Wide Off, Moves Front, Slower Ball, Flick","Back of Length, Right-arm, Googly, Off Break, Hook"
Kentigern Watson,Middle Order,21,408,312,17,24.0,130.77,30,20,0,0,80,25.64%,58.82%,6.24,3.9,18.35,29.41%,15.6,64.12,"Outside Leg, Slog, SlogSweep, Point, Long Off","Length Delivery, Short Length, Back Foot, Off Cutter, Flick"
Hector Somerville,Middle Order,13,397,311,11,36.09,127.65,43,13,2,0,127,40.84%,62.97%,5.55,2.45,28.27,19.65%,23.92,57.65,"Outside Off, Right-arm, Out Swing, Seam Away, Point","Length Delivery, SlogSweep, Square Leg, Fine Leg"
Ranald Menzies,Lower Order,19,353,310,18,19.61,113.87,31,7,2,0,106,34.19%,47.03%,8.16,2.92,17.22,11.90%,44.29,68.75,"Yorker, On Stumps, Down The Track, Seam Away, Cut, Slog, Square Leg","Length Delivery, Backs Away, Moves Front, Left-arm, In Swing, Hook, Covers"
Norman Dickson,Power-Hitter,24,379,310,17,22.29,122.26,16,25,2,0,123,39.68%,56.46%,7.56,2.52,18.24,39.58%,12.4,61.34,"Short Length, Back Foot, Right-arm, Out Swing, Cut, Square Leg, Third Man","Length Delivery, Down The Track, Front Foot, Googly, Leg Break, Slog, Long Off"
Duncan Cameron,Power-Hitter,18,386,310,17,22.71,124.52,22,27,1,0,150,48.39%,64.77%,6.33,2.07,18.24,41.97%,11.48,52.11,"Off Break, Pull, Mid Wicket, Third Man","Front Foot, Flick, Covers, Fine Leg"
Aiden Wishart,Power-Hitter,32,399,309,19,21.0,129.13,27,16,0,0,94,30.42%,51.13%,7.19,3.29,16.26,24.06%,19.31,73.31,"Down The Track, Googly, Seam Away, Cut, Long Off","Half Volley, Yorker, Moves Front, In Swing, Fine Leg"
Archibald Chalmers,Middle Order,20,426,309,18,23.67,137.86,40,22,3,0,135,43.69%,68.54%,4.98,2.29,17.17,30.99%,14.05,54.25,"Length Delivery, On Stumps, Down The Track, Left-arm, Flick, Long On","Back of Length, Back Foot, Out Swing, Cut, Third Man"
Murray MacKinnon,Middle Order,15,330,308,12,27.5,107.14,28,8,0,0,119,38.64%,48.48%,8.56,2.59,25.67,14.55%,38.5,62.5,"In Swing, Flick, Long Off, Third Man","Off Break, Pull, SlogSweep, Mid Wicket, Long On"
Ranald Tennant,Middle Order,20,376,307,14,26.86,122.48,28,11,0,0,100,32.57%,47.34%,7.87,3.07,21.93,17.55%,27.91,73.88,"Back of Length, Outside Off, Off Cutter, Cut","Short Length, Yorker, Slog, Long Off"
Kentigern Stirling,Middle Order,17,306,307,12,25.5,99.67,27,13,1,0,156,50.81%,60.78%,7.68,1.97,25.58,25.49%,23.62,44.94,"Front Foot, Off Cutter, Pull, Sweep, Square Leg, Mid Wicket","Wide Off, Backs Away, Left-arm, Googly, Seam Away, Point"
Brodie Brown,Power-Hitter,24,489,307,24,20.38,159.28,47,32,4,0,132,43.00%,77.71%,3.89,2.33,12.79,39.26%,9.59,47.81,"Down The Track, Hook, Slog, Long On","Outside Leg, Front Foot, Flick, Long Off"
Douglas Logan,Lower Order,21,306,306,17,18.0,100.0,21,8,0,0,129,42.16%,43.14%,10.55,2.37,18.0,15.69%,38.25,62.82,"Yorker, Front Foot, Left-arm, In Swing, Off Cutter, Fine Leg","Down The Track, Right-arm, Googly, Off Break, Pull, SlogSweep, Third Man"
Donald MacPherson,Power-Hitter,20,509,306,20,25.45,166.34,42,30,2,0,100,32.68%,68.37%,4.25,3.06,15.3,35.36%,10.2,68.8,"Full Toss, On Stumps, Down The Track, Slog, Long On, Third Man","Half Volley, Front Foot, Right-arm, Out Swing, SlogSweep, Covers"
Neil Wallace,Power-Hitter,25,422,305,25,16.88,138.36,48,15,1,0,54,17.70%,66.82%,4.84,5.65,12.2,21.33%,20.33,57.85,"Back of Length, Out Swing, Hook, Covers, Mid Wicket","Yorker, Outside Leg, Backs Away, In Swing, SlogSweep, Sweep"
Hector Guthrie,Middle Order,21,443,304,20,22.15,145.72,46,13,3,0,93,30.59%,59.14%,5.15,3.27,15.2,17.61%,23.38,73.88,"Wide Off, Off Break, Seam Away, Third Man","Full Toss, In Swing, Pull, Long Off"
Matthew Murray,Top-Order,14,357,304,12,29.75,117.43,30,12,4,0,130,42.76%,53.78%,7.24,2.34,25.33,20.17%,25.33,62.98,"Wide Off, Down The Track, Right-arm, Covers","Short Length, Left-arm, SlogSweep, Mid Wicket"
Grant MacKay,Middle Order,17,385,304,16,24.06,126.64,39,15,2,0,128,42.11%,63.90%,5.63,2.38,19.0,23.38%,20.27,55.6,"Wide Off, Slower Ball, Pull, SlogSweep, Covers, Mid Wicket","Full Toss, Yorker, Right-arm, In Swing, Sweep, Fine Leg"
Findlay Ramsay,Power-Hitter,26,442,304,19,23.26,145.39,26,24,1,1,88,28.95%,56.11%,6.08,3.45,16.0,32.58%,12.67,76.38,"Full Toss, Back Foot, Front Foot, Leg Break, Sweep, Long Off","Wide Off, In Swing, Slower Ball, Slog, Fine Leg"
Norman Tait,Lower Order,26,342,303,22,15.55,112.87,15,18,1,0,113,37.29%,49.12%,9.18,2.68,13.77,31.58%,16.83,64.44,"Half Volley, Length Delivery, Front Foot, Seam Away, Drive, Square Leg","In Swing, Off Cutter, Slog, Mid Wicket"
Stuart Campbell,Power-Hitter,22,420,303,21,20.0,138.61,35,29,1,1,150,49.50%,74.76%,4.73,2.02,14.43,41.43%,10.45,44.35,"Yorker, In Swing, Pull, Square Leg, Long On","Outside Off, Wide Off, Seam Away, Cut, Covers"
Davie Campbell,Middle Order,16,382,302,14,27.29,126.49,41,7,2,0,101,33.44%,53.93%,6.29,2.99,21.57,10.99%,43.14,69.29,"Length Delivery, Front Foot, Out Swing, Flick, Fine Leg","Back of Length, Cut, Sweep, Point"
Brodie Munro,Power-Hitter,24,440,302,19,23.16,145.7,27,21,3,0,52,17.22%,53.18%,6.29,5.81,15.89,28.64%,14.38,81.1,"Outside Leg, Wide Off, Hook, Covers","Full Toss, Down The Track, Googly, Off Break, Mid Wicket"
Matthew Ross,Power-Hitter,25,505,302,20,25.25,167.22,42,32,2,0,77,25.50%,71.29%,4.08,3.92,15.1,38.02%,9.44,63.6,"Full Toss, Short Length, In Swing, Slower Ball, Slog","On Stumps, Moves Front, Right-arm, Off Cutter, Out Swing, Sweep"
Craig MacLean,Power-Hitter,26,456,302,19,24.0,150.99,31,35,2,0,132,43.71%,73.25%,4.58,2.29,15.89,46.05%,8.63,51.69,"Back of Length, Full Toss, Leg Break, Pull, Slog, Mid Wicket","Yorker, Wide Off, Backs Away, Covers, Third Man"
Graeme Menzies,Power-Hitter,21,398,301,17,23.41,132.23,31,18,2,0,87,28.90%,58.29%,6.14,3.46,17.71,27.14%,16.72,65.87,"Short Length, Down The Track, Googly, Hook, Covers","Back of Length, Moves Front, Off Cutter, SlogSweep, Mid Wicket, Long Off"
Wallace Yuill,Power-Hitter,21,458,301,19,24.11,152.16,44,24,2,0,107,35.55%,69.87%,4.43,2.81,15.84,31.44%,12.54,59.23,"Full Toss, On Stumps, Left-arm, In Swing, Slog, Mid Wicket","Length Delivery, Backs Away, Down The Track, Off Break, Point"
Cameron Keith,Top-Order,16,428,299,14,30.57,143.14,31,27,2,0,84,28.09%,66.82%,5.16,3.56,21.36,37.85%,11.07,58.92,"Full Toss, Outside Off, Slower Ball, Cut","Yorker, On Stumps, In Swing, Fine Leg"
Rowan Melville,Power-Hitter,29,374,298,20,18.7,125.5,37,13,0,0,122,40.94%,60.43%,5.96,2.44,14.9,20.86%,22.92,59.68,"Half Volley, Outside Off, Front Foot, Drive, Square Leg, Covers","On Stumps, Back Foot, Backs Away, Slog, Fine Leg"
Gillies MacNab,Power-Hitter,25,445,298,23,19.35,149.33,41,26,2,0,127,42.62%,71.91%,4.45,2.35,12.96,35.06%,11.46,54.11,"Wide Off, SlogSweep, Point, Fine Leg","Length Delivery, Yorker, On Stumps, Slog"
Struan Ferguson,Top-Order,13,313,297,12,26.08,105.39,29,1,2,0,114,38.38%,38.98%,9.9,2.61,24.75,1.92%,297.0,71.54,"Length Delivery, Outside Off, Googly, Drive, Long On","Short Length, Back Foot, Pull, SlogSweep"
Fergus Sempill,Top-Order,12,343,297,10,34.3,115.49,28,5,2,0,93,31.31%,41.40%,9.0,3.19,29.7,8.75%,59.4,76.14,"Outside Off, Front Foot, Cut, Third Man","Full Toss, On Stumps, Hook, Slog"
Murray Murdoch,Top-Order,15,371,297,10,37.1,124.92,21,17,2,0,92,30.98%,50.13%,7.82,3.23,29.7,27.49%,17.47,71.43,"Back Foot, Seam Away, Cut, Drive, Long On, Third Man","Outside Leg, Googly, Leg Break, Flick, Hook, Fine Leg"
Alistair MacEwan,Lower Order,19,234,296,15,15.6,79.05,12,3,1,0,138,46.62%,28.21%,19.73,2.14,19.73,7.69%,98.67,59.79,"On Stumps, Leg Break, Flick, Square Leg","Length Delivery, Off Cutter, Slog, Third Man"
Rory Chalmers,Middle Order,23,475,296,19,25.0,160.47,63,12,2,0,42,14.19%,68.21%,3.95,7.05,15.58,15.16%,24.67,68.33,"Down The Track, Off Break, Flick, Slog, Fine Leg","Moves Front, Off Cutter, Cut, Third Man"
Magnus Turnbull,Power-Hitter,23,502,296,17,29.53,169.59,33,42,3,0,69,23.31%,76.49%,3.95,4.29,17.41,50.20%,7.05,53.39,"Back of Length, On Stumps, Slower Ball, SlogSweep, Sweep, Long On","Outside Off, Front Foot, Moves Front, Covers, Long Off"
Arran Anderson,Power-Hitter,18,352,295,15,23.47,119.32,26,10,1,0,48,16.27%,46.59%,8.19,6.15,19.67,17.05%,29.5,72.59,"Outside Off, Front Foot, Moves Front, Third Man","Outside Leg, Leg Break, Off Cutter, Square Leg, Mid Wicket"
Donald Sinclair,Power-Hitter,23,452,295,22,20.55,153.22,46,28,0,1,139,47.12%,77.88%,3.99,2.12,13.41,37.17%,10.54,45.25,"Off Break, Hook, SlogSweep, Long On","Yorker, In Swing, Flick, Point"
Jack Carmichael,Middle Order,17,391,294,15,26.07,132.99,34,10,2,0,95,32.31%,50.13%,6.68,3.09,19.6,15.35%,29.4,78.0,"Outside Off, Backs Away, Flick, Square Leg, Covers","Right-arm, Leg Break, Off Break, Slog"
Struan Scott,Lower Order,20,351,293,18,19.5,119.8,41,8,1,0,118,40.27%,60.40%,5.98,2.48,16.28,13.68%,36.63,56.97,"Back of Length, Outside Off, Off Cutter, Drive, Covers","Short Length, In Swing, Off Break, SlogSweep, Fine Leg"
Iain Wallace,Top-Order,11,546,292,10,54.6,186.99,64,29,2,2,105,35.96%,78.75%,3.14,2.78,29.2,31.87%,10.07,58.29,"Googly, Leg Break, Slog, Long Off","Back Foot, Seam Away, Fine Leg, Third Man"
Shaw Nicolson,Lower Order,23,250,291,21,11.9,85.91,17,14,0,0,169,58.08%,60.80%,9.39,1.72,13.86,33.60%,20.79,37.69,"Left-arm, Leg Break, Slower Ball, Covers","Half Volley, Outside Leg, Backs Away, Off Cutter, Fine Leg"
Jamie Boyd,Power-Hitter,24,458,290,20,22.9,157.93,42,19,3,0,64,22.07%,61.57%,4.75,4.53,14.5,24.89%,15.26,76.86,"On Stumps, Outside Off, Backs Away, Out Swing, SlogSweep","Down The Track, Slower Ball, Hook, Pull, Long Off"
Fergus Tait,Lower Order,30,379,290,22,17.23,130.69,26,19,1,0,111,38.28%,57.52%,6.44,2.61,13.18,30.08%,15.26,65.71,"Half Volley, Down The Track, Off Break, Off Cutter, Slog, Long Off","Yorker, In Swing, Seam Away, Fine Leg"
Dougal Hamilton,Power-Hitter,21,409,290,21,19.48,141.03,36,21,2,0,107,36.90%,66.01%,5.09,2.71,13.81,30.81%,13.81,59.66,"Back Foot, Cut, Hook, Mid Wicket, Long Off","Backs Away, Googly, Out Swing, Slog, Long On"
Robert Rae,Lower Order,43,340,290,32,10.62,117.24,21,18,0,0,128,44.14%,56.47%,7.44,2.27,9.06,31.76%,16.11,58.96,"Short Length, Outside Leg, Wide Off, Backs Away, Left-arm, Point","Half Volley, Length Delivery, Front Foot, Moves Front, Drive, Long On"
Malcolm MacDuff,Middle Order,15,415,289,14,29.64,143.6,30,19,2,0,75,25.95%,56.39%,5.9,3.85,20.64,27.47%,15.21,75.42,"Back of Length, Wide Off, Seam Away, Covers","Short Length, Outside Leg, Hook, Fine Leg"
Norman Brodie,Middle Order,12,325,289,9,36.11,112.46,20,18,1,0,132,45.67%,57.85%,7.61,2.19,32.11,33.23%,16.06,54.58,"On Stumps, Backs Away, SlogSweep, Third Man","Half Volley, Yorker, Slower Ball, Covers"
Finn Henderson,Power-Hitter,26,392,289,22,17.82,135.64,33,27,1,0,146,50.52%,75.00%,4.82,1.98,13.14,41.33%,10.7,42.79,"Off Cutter, Slower Ball, SlogSweep, Long On","Short Length, Googly, In Swing, Cut"
Robbie Lauder,Top-Order,11,339,287,11,30.82,118.12,29,14,1,0,125,43.55%,59.00%,6.67,2.3,26.09,24.78%,20.5,56.97,"Half Volley, Outside Off, Front Foot, Out Swing","On Stumps, Right-arm, Off Break, Sweep, Square Leg"
Duncan Galbraith,Top-Order,13,320,286,12,26.67,111.89,31,8,0,0,134,46.85%,53.75%,7.33,2.13,23.83,15.00%,35.75,59.92,"Yorker, Outside Leg, In Swing, Drive, Fine Leg","Back of Length, Backs Away, Leg Break, Pull, Point"
Drew Anderson,Middle Order,16,400,286,15,26.67,139.86,28,24,2,0,105,36.71%,64.00%,5.5,2.72,19.07,36.00%,11.92,61.54,"Outside Off, Front Foot, Flick, SlogSweep, Square Leg, Covers","Down The Track, Right-arm, Off Cutter, Slower Ball, Slog, Long On"
Farquhar Blackwood,Power-Hitter,26,472,286,23,20.52,165.03,20,44,1,0,123,43.01%,72.88%,4.47,2.33,12.43,55.93%,6.5,57.66,"Outside Off, Front Foot, Flick, SlogSweep, Long Off, Long On","Wide Off, Backs Away, Right-arm, Googly, Point"
Malcolm Reid,Power-Hitter,35,393,285,25,15.72,137.89,31,14,2,0,59,20.70%,52.93%,6.33,4.83,11.4,21.37%,20.36,77.08,"Back of Length, Full Toss, Moves Front, Slog, Square Leg, Long Off","Front Foot, In Swing, Out Swing, Fine Leg"
Jack Blackwood,Middle Order,20,454,285,13,34.92,159.3,36,25,3,0,100,35.09%,64.76%,4.67,2.85,21.92,33.04%,11.4,71.43,"Full Toss, Down The Track, Slog, Long Off","Outside Off, Moves Front, Seam Away, Third Man"
William Buchanan,Lower Order,50,356,284,24,14.83,125.35,26,11,0,0,81,28.52%,47.75%,7.68,3.51,11.83,18.54%,25.82,75.3,"Half Volley, Front Foot, Out Swing, Drive, SlogSweep","Short Length, Back Foot, Moves Front, Googly, Hook"
Dugald Weir,Top-Order,14,345,284,10,34.5,121.48,33,14,3,0,105,36.97%,62.61%,6.04,2.7,28.4,24.35%,20.29,54.43,"Back of Length, Half Volley, Front Foot, In Swing, Mid Wicket","Backs Away, Leg Break, Seam Away, Third Man"
Duncan Urquhart,Power-Hitter,22,385,284,21,18.33,135.56,29,22,1,0,107,37.68%,64.42%,5.57,2.65,13.52,34.29%,12.91,58.8,"Full Toss, Length Delivery, Down The Track, Slog, SlogSweep, Fine Leg","Half Volley, Wide Off, Back Foot, In Swing, Out Swing, Hook"
Ruaridh Mitchell,Top-Order,20,519,283,19,27.32,183.39,58,38,3,0,132,46.64%,88.63%,2.95,2.14,14.89,43.93%,7.45,31.55,"Full Toss, Right-arm, Sweep, Mid Wicket","Wide Off, Back Foot, Cut, Hook"
Leslie Lamont,Top-Order,15,373,282,13,28.69,132.27,45,6,1,1,110,39.01%,57.91%,5.53,2.56,21.69,9.65%,47.0,67.97,"Front Foot, Slower Ball, Drive, Long Off","In Swing, Off Break, Cut, Fine Leg"
Robbie Guthrie,Top-Order,14,376,282,12,31.33,133.33,43,7,2,0,33,11.70%,56.91%,5.64,8.55,23.5,11.17%,40.29,69.83,"Leg Break, Seam Away, Drive, Square Leg","Outside Leg, In Swing, Mid Wicket, Fine Leg"
Campbell Tennant,Power-Hitter,22,414,282,22,18.82,146.81,46,23,0,0,139,49.29%,77.78%,4.09,2.03,12.82,33.33%,12.26,43.19,"Outside Leg, Leg Break, Slog, SlogSweep, Long On","Yorker, Outside Off, In Swing, Cut"
Callum Melville,Middle Order,16,274,281,13,21.08,97.51,27,7,0,0,142,50.53%,54.74%,8.26,1.98,21.62,15.33%,40.14,50.2,"Googly, Leg Break, Sweep, Point, Third Man","Full Toss, Length Delivery, Flick, Pull, Square Leg"
Maxwell Kirkwood,Middle Order,19,371,281,11,33.73,132.03,29,16,2,0,80,28.47%,57.14%,6.24,3.51,25.55,25.88%,17.56,67.37,"Length Delivery, Cut, Drive, Covers","Back Foot, Googly, Slower Ball, Hook"
Duncan Ross,Power-Hitter,23,314,281,20,15.7,111.74,18,14,0,0,115,40.93%,49.68%,8.78,2.44,14.05,26.75%,20.07,63.45,"Outside Leg, Off Cutter, Slower Ball, Pull, SlogSweep, Covers, Long On","On Stumps, Wide Off, Backs Away, Seam Away, Cut, Third Man"
Rory Urquhart,Lower Order,15,278,280,13,21.38,99.29,25,1,1,0,113,40.36%,38.13%,10.77,2.48,21.54,2.16%,280.0,67.72,"Short Length, Pull, Slog, Square Leg, Fine Leg","Outside Off, Backs Away, Point, Covers"
Grant Muir,Lower Order,18,308,280,17,18.12,110.0,25,9,1,0,121,43.21%,50.00%,8.24,2.31,16.47,17.53%,31.11,62.6,"Short Length, Backs Away, Out Swing, Mid Wicket","Yorker, In Swing, Cut, Point, Long On"
Kyle Tait,Top-Order,15,425,280,15,28.33,151.79,40,29,3,0,138,49.29%,78.59%,4.06,2.03,18.67,40.94%,9.66,43.13,"Wide Off, Moves Front, Slower Ball, Drive, Mid Wicket, Long On","Back of Length, Back Foot, Left-arm, Leg Break, Sweep"
Norman MacPherson,Top-Order,10,366,279,9,40.67,131.18,44,6,5,0,109,39.07%,57.92%,5.58,2.56,31.0,9.84%,46.5,67.25,"Front Foot, Off Break, Cut, Mid Wicket","Yorker, Slower Ball, Hook, Fine Leg"
Aiden Tait,Lower Order,26,326,279,22,14.82,116.85,28,8,1,0,105,37.63%,49.08%,7.75,2.66,12.68,14.72%,34.88,68.31,"Length Delivery, On Stumps, Back Foot, Backs Away, Slower Ball, Point, Long On","Yorker, Outside Leg, Front Foot, Right-arm, Off Break, Out Swing, Fine Leg"
Farquhar Gibson,Lower Order,19,338,278,14,24.14,121.58,31,9,0,0,99,35.61%,52.66%,6.95,2.81,19.86,15.98%,30.89,67.23,"Length Delivery, Yorker, Down The Track, In Swing, Drive","Short Length, Back Foot, Hook, Pull, Mid Wicket, Third Man"
Somerled Murdoch,Power-Hitter,23,355,278,23,15.43,127.7,29,21,0,0,138,49.64%,68.17%,5.56,2.01,12.09,35.49%,13.24,49.56,"Outside Leg, Off Break, Out Swing, Drive, SlogSweep, Covers","Back of Length, Back Foot, Googly, Seam Away, Cut, Point"
Gavin Logan,Top-Order,19,514,278,12,42.83,184.89,34,39,1,1,51,18.35%,71.98%,3.81,5.45,23.17,45.53%,7.13,70.24,"Back Foot, Hook, Slog, Mid Wicket","Outside Leg, Outside Off, Backs Away, Off Break"
Lewis Hendry,Middle Order,13,343,277,9,38.11,123.83,31,9,2,0,83,29.96%,51.90%,6.93,3.34,30.78,15.74%,30.78,69.62,"Length Delivery, Front Foot, Moves Front, In Swing, Out Swing","Back Foot, Off Cutter, Cut, Sweep, Square Leg"
Wallace Morrison,Lower Order,21,240,277,21,11.43,86.64,22,8,0,0,155,55.96%,56.67%,9.23,1.79,13.19,20.00%,34.63,42.11,"Front Foot, In Swing, Off Break, Sweep, Fine Leg","Length Delivery, Outside Off, Moves Front, Point"
Dougal Cunningham,Power-Hitter,19,359,277,17,21.12,129.6,38,13,2,0,115,41.52%,64.07%,5.43,2.41,16.29,21.73%,21.31,57.08,"Length Delivery, Backs Away, Off Cutter, Drive, Flick","Outside Off, Right-arm, Out Swing, Cut, Pull"
Brodie MacAulay,Top-Order,12,393,276,12,32.75,142.39,38,15,3,0,91,32.97%,61.58%,5.21,3.03,23.0,22.90%,18.4,67.71,"Yorker, Outside Off, Off Cutter, Out Swing, Flick","Short Length, Wide Off, Back Foot, Leg Break, Hook, SlogSweep"
Alistair Geddes,Middle Order,15,402,276,15,26.8,145.65,42,16,4,0,91,32.97%,65.67%,4.76,3.03,18.4,23.88%,17.25,63.3,"Outside Off, Wide Off, Leg Break, Cut","Front Foot, Moves Front, In Swing, Slog, Long On"
Neil Blair,Top-Order,16,384,276,14,27.43,139.13,33,19,2,0,106,38.41%,64.06%,5.31,2.6,19.71,29.69%,14.53,61.61,"Full Toss, Back Foot, Left-arm, Slower Ball, Drive, Sweep","Backs Away, Out Swing, Cut, SlogSweep, Covers"
Hugh Kerr,Top-Order,16,507,276,13,39.0,183.7,56,27,3,1,86,31.16%,76.13%,3.33,3.21,21.23,31.95%,10.22,62.69,"Down The Track, Slower Ball, Long Off, Third Man","Full Toss, Flick, Sweep, Fine Leg"
Jack MacAlister,Middle Order,16,384,276,15,25.6,139.13,29,22,3,0,103,37.32%,64.58%,5.41,2.68,18.4,34.38%,12.55,60.44,"Length Delivery, Down The Track, Moves Front, Long On","Short Length, Seam Away, Cut, Third Man"
Arran Turnbull,Middle Order,17,370,275,16,23.12,134.55,34,10,2,0,94,34.18%,52.97%,6.25,2.93,17.19,16.22%,27.5,75.32,"Moves Front, Flick, Pull, Square Leg","Down The Track, Leg Break, Off Break, Hook"
Findlay Ritchie,Top-Order,14,329,275,13,25.31,119.64,38,13,2,0,136,49.45%,69.91%,5.39,2.02,21.15,23.71%,21.15,44.2,"Back of Length, Off Cutter, Hook, Slog","Yorker, Outside Off, Seam Away, Covers"
Callum Maxwell,Top-Order,11,440,275,8,55.0,160.0,37,22,4,0,27,9.82%,63.64%,4.66,10.19,34.38,30.00%,12.5,74.07,"Full Toss, Outside Off, Googly, Off Break","On Stumps, Outside Leg, Slower Ball, Flick, Point"
Blair Menzies,Middle Order,16,256,274,16,16.0,93.43,22,5,1,0,132,48.18%,46.09%,10.15,2.08,17.13,11.72%,54.8,55.87,"Length Delivery, On Stumps, In Swing, Off Break, SlogSweep","Outside Off, Back Foot, Seam Away, Cut, Point"
Rowan Stirling,Lower Order,33,320,273,19,16.84,117.22,25,11,0,0,106,38.83%,51.88%,7.58,2.58,14.37,20.63%,24.82,64.98,"On Stumps, Out Swing, Slog, Sweep, Point","Full Toss, Short Length, Front Foot, Cut"
Finlay Morrison,Power-Hitter,19,347,273,19,18.26,127.11,44,15,0,0,55,20.15%,76.66%,4.63,4.96,14.37,25.94%,18.2,37.85,"On Stumps, Off Cutter, Sweep, Fine Leg","Half Volley, Back Foot, Front Foot, Long Off"
William MacKay,Power-Hitter,18,459,273,16,28.69,168.13,35,34,4,0,105,38.46%,74.95%,3.96,2.6,17.06,44.44%,8.03,56.37,"Length Delivery, On Stumps, Down The Track, In Swing, Off Break, Slog, Long On","Back of Length, Outside Off, Back Foot, Backs Away, Right-arm, Point"
Roy Burnett,Top-Order,9,434,272,8,54.25,159.56,51,18,4,1,92,33.82%,71.89%,3.94,2.96,34.0,24.88%,15.11,60.1,"Length Delivery, Moves Front, Drive, Covers","Back of Length, Back Foot, Backs Away, Off Break, Square Leg"
Torquil Dewar,Power-Hitter,18,372,272,12,31.0,136.76,20,22,1,0,92,33.82%,56.99%,6.48,2.96,22.67,35.48%,12.36,69.57,"Down The Track, Seam Away, Flick, Long On","Outside Off, Hook, Sweep, Mid Wicket"
Duncan Dunbar,Middle Order,17,379,272,13,29.15,139.34,18,28,2,0,103,37.87%,63.32%,5.91,2.64,20.92,44.33%,9.71,61.5,"Outside Leg, Googly, Pull, Sweep","Half Volley, Length Delivery, Drive, Slog, Long On"
Stuart MacLennan,Top-Order,14,319,271,8,39.88,117.71,24,7,1,0,87,32.10%,43.26%,8.74,3.11,33.88,13.17%,38.71,75.42,"Yorker, Outside Off, Moves Front, Flick, Square Leg","Leg Break, Off Cutter, Slog, Long Off, Long On"
Struan Traquair,Top-Order,10,371,271,10,37.1,136.9,33,13,4,0,81,29.89%,56.60%,5.89,3.35,27.1,21.02%,20.85,71.56,"Outside Off, Front Foot, Out Swing, Seam Away","Off Break, Sweep, Mid Wicket, Fine Leg"
Dugald Abercrombie,Middle Order,15,414,271,15,27.6,152.77,51,16,3,0,77,28.41%,72.46%,4.04,3.52,18.07,23.19%,16.94,55.88,"Back Foot, Backs Away, Googly, Drive, Sweep","Right-arm, Slower Ball, SlogSweep, Long On"
Wallace Maxwell,Middle Order,15,372,270,15,24.8,137.78,51,10,3,0,118,43.70%,70.97%,4.43,2.29,18.0,16.13%,27.0,51.67,"Back Foot, Slog, Point, Square Leg","Front Foot, In Swing, Drive, Long Off"
Connor Moffat,Top-Order,11,274,270,10,27.4,101.48,27,8,2,0,120,44.44%,56.93%,7.71,2.25,27.0,17.52%,33.75,50.21,"Down The Track, Off Break, Off Cutter, Covers, Fine Leg","Full Toss, On Stumps, Back Foot, Flick, Square Leg"
Innes Pollock,Power-Hitter,21,371,270,20,18.55,137.41,38,16,2,0,100,37.04%,66.85%,5.0,2.7,13.5,25.88%,16.88,56.94,"Full Toss, Short Length, Wide Off, Flick, Long Off, Long On","Back of Length, Outside Off, Out Swing, Covers"
Iain Baxter,Top-Order,11,438,270,11,39.82,162.22,36,24,3,1,90,33.33%,65.75%,4.5,3.0,24.55,32.88%,11.25,71.43,"Back of Length, Out Swing, Cut, Point","Outside Leg, Slog, Sweep, Fine Leg"
Somerled Kennedy,Lower Order,15,274,269,14,19.57,101.86,27,5,1,0,122,45.35%,50.36%,8.41,2.2,19.21,10.95%,53.8,57.38,"Wide Off, Backs Away, Cut, Point","Full Toss, Slog, SlogSweep, Long On"
Dugald Shaw,Power-Hitter,29,435,269,23,18.91,161.71,21,35,1,0,76,28.25%,67.59%,4.8,3.54,11.7,48.28%,7.69,66.2,"Full Toss, Length Delivery, Outside Leg, Slower Ball, Long On","Half Volley, Out Swing, Cut, Third Man"
Rory Graham,Top-Order,10,312,268,8,39.0,116.42,30,6,1,1,108,40.30%,50.00%,7.44,2.48,33.5,11.54%,44.67,67.24,"Yorker, Front Foot, Slower Ball, Drive","Back of Length, Backs Away, Cut, Third Man"
Stuart Strachan,Middle Order,18,281,268,10,28.1,104.85,12,6,0,0,86,32.09%,29.89%,14.89,3.12,26.8,12.81%,44.67,78.8,"Wide Off, Back Foot, Googly, Off Break, Cut, Point, Third Man","Length Delivery, Yorker, Moves Front, In Swing, Flick, Pull, Long On"
Rowan MacDonald,Top-Order,10,398,268,8,49.75,148.51,32,19,5,0,10,3.73%,60.80%,5.25,26.8,33.5,28.64%,14.11,71.89,"Full Toss, Outside Off, Leg Break, Fine Leg","Half Volley, Short Length, Outside Leg, Back Foot"
Stewart Middleton,Top-Order,15,381,268,13,29.31,142.16,30,22,2,0,82,30.60%,66.14%,5.15,3.27,20.62,34.65%,12.18,59.72,"Full Toss, Short Length, Left-arm, Seam Away, Hook","Outside Leg, Backs Away, Down The Track, Off Break, Off Cutter"
Farquhar Elliot,Power-Hitter,19,407,267,19,21.42,152.43,46,21,2,0,55,20.60%,76.17%,3.99,4.85,14.05,30.96%,12.71,48.5,"Short Length, On Stumps, Cut, Slog, Point","Length Delivery, Front Foot, Googly, In Swing, Long Off"
Jack Buchan,Lower Order,39,308,267,27,11.41,115.36,16,23,0,0,141,52.81%,65.58%,6.85,1.89,9.89,44.81%,11.61,46.49,"Short Length, Yorker, Down The Track, Right-arm, Slog, Fine Leg","Outside Off, Backs Away, Googly, SlogSweep, Sweep"
Kenneth MacMillan,Middle Order,17,292,266,14,20.86,109.77,24,8,1,0,106,39.85%,49.32%,8.31,2.51,19.0,16.44%,33.25,63.25,"On Stumps, Wide Off, Moves Front, Cut, Sweep","Back Foot, Front Foot, Left-arm, Out Swing, SlogSweep"
Ruaridh Bell,Power-Hitter,18,302,266,17,17.76,113.53,17,13,0,0,102,38.35%,48.34%,8.87,2.61,15.65,25.83%,20.46,66.1,"Half Volley, Yorker, Left-arm, In Swing, Sweep","Off Cutter, Slog, SlogSweep, Long On"
Finlay Livingstone,Power-Hitter,18,369,265,15,24.6,139.25,22,16,2,0,76,28.68%,49.86%,6.97,3.49,17.67,26.02%,16.56,81.5,"Half Volley, Back Foot, Seam Away, Point, Square Leg","Down The Track, In Swing, Slower Ball, Slog"
Blair MacEwan,Top-Order,13,304,264,10,30.4,115.15,36,7,3,0,116,43.94%,61.18%,6.14,2.28,26.4,13.82%,37.71,53.39,"Half Volley, Short Length, On Stumps, Front Foot, Flick, Mid Wicket","Wide Off, Seam Away, Point, Third Man"
Shaw Drummond,Power-Hitter,18,316,264,17,18.59,119.7,29,14,1,0,125,47.35%,63.29%,6.14,2.11,15.53,26.58%,18.86,52.49,"Full Toss, Length Delivery, Outside Leg, Flick, SlogSweep","Back Foot, Backs Away, Left-arm, Hook, Third Man"
Christopher Keith,Power-Hitter,21,349,263,12,29.08,132.7,35,8,0,0,17,6.46%,53.87%,6.12,15.47,21.92,13.75%,32.88,73.18,"Back Foot, Backs Away, Out Swing, Point, Square Leg","Down The Track, Left-arm, In Swing, Off Cutter, Fine Leg, Long On"
Ramsay Marshall,Power-Hitter,35,373,263,25,14.92,141.83,27,23,1,0,100,38.02%,65.95%,5.26,2.63,10.52,37.00%,11.43,59.62,"Off Break, Off Cutter, Slog, SlogSweep, Mid Wicket","Yorker, Backs Away, Googly, In Swing, Cut, Fine Leg"
Colin Strachan,Middle Order,16,404,262,16,25.25,154.2,52,13,3,0,81,30.92%,70.79%,4.03,3.23,16.38,19.31%,20.15,59.9,"Full Toss, Right-arm, Sweep, Point, Square Leg","Half Volley, Backs Away, Down The Track, Left-arm"
Stewart Milne,Lower Order,23,338,262,18,18.78,129.01,28,11,0,0,38,14.50%,52.66%,6.72,6.89,14.56,19.53%,23.82,71.75,"Outside Leg, In Swing, Off Cutter, Flick, Mid Wicket","Half Volley, Down The Track, Googly, Covers"
Bruce Colquhoun,Top-Order,13,328,262,11,29.82,125.19,20,13,2,0,86,32.82%,48.17%,7.94,3.05,23.82,23.78%,20.15,74.24,"Outside Leg, Outside Off, Out Swing, Cut","Down The Track, Leg Break, Drive, Pull"
Colin Gillespie,Power-Hitter,24,359,262,20,17.95,137.02,22,23,2,0,111,42.37%,62.95%,5.82,2.36,13.1,38.44%,11.39,61.29,"Half Volley, Outside Leg, Backs Away, Off Break, Flick, Slog, Long On","Back of Length, Outside Off, Left-arm, Leg Break, Seam Away, Pull"
Graeme Wishart,Power-Hitter,24,412,262,23,17.91,157.25,48,27,1,0,137,52.29%,85.92%,3.49,1.91,11.39,39.32%,9.7,31.02,"On Stumps, Down The Track, Off Break, Slog, Mid Wicket","Half Volley, Outside Off, Seam Away, Cut, Point"
Robert Henderson,Middle Order,14,314,261,13,24.15,120.31,35,5,0,0,100,38.31%,54.14%,6.53,2.61,20.08,9.55%,52.2,65.16,"Wide Off, Out Swing, SlogSweep, Long Off","Short Length, Back Foot, Left-arm, Hook, Pull"
Stewart Chalmers,Lower Order,19,323,261,19,17.0,123.75,37,9,1,0,109,41.76%,62.54%,5.67,2.39,13.74,16.72%,29.0,56.28,"Full Toss, On Stumps, Front Foot, Googly, Off Cutter, Flick","Wide Off, Back Foot, Seam Away, SlogSweep, Third Man"
Eoin Hume,Top-Order,11,448,260,10,44.8,172.31,49,22,5,0,31,11.92%,73.21%,3.66,8.39,26.0,29.46%,11.82,63.49,"Front Foot, Out Swing, Seam Away, Sweep","Full Toss, Moves Front, Off Cutter, Slower Ball"
Logan Somerville,Top-Order,9,412,260,6,68.67,158.46,24,30,4,0,76,29.23%,66.99%,4.81,3.42,43.33,43.69%,8.67,66.02,"Full Toss, Hook, Square Leg, Long On","Half Volley, Wide Off, Right-arm, Out Swing"
Connor MacKenzie,Middle Order,14,312,259,12,26.0,120.46,28,13,2,0,107,41.31%,60.90%,6.32,2.42,21.58,25.00%,19.92,55.96,"Full Toss, Length Delivery, Sweep, Square Leg, Long On","Wide Off, Backs Away, Left-arm, Out Swing"
Charlie Blackwood,Lower Order,14,271,258,10,27.1,105.04,16,3,1,0,92,35.66%,30.26%,13.58,2.8,25.8,6.64%,86.0,79.08,"Wide Off, Googly, Off Cutter, Mid Wicket","Length Delivery, Outside Leg, In Swing, Fine Leg"
Christopher Kinnear,Power-Hitter,20,300,258,14,21.43,116.28,21,15,1,0,119,46.12%,58.00%,7.17,2.17,18.43,30.00%,17.2,56.76,"Back of Length, Slog, Long Off, Long On","Length Delivery, Backs Away, Googly, Sweep, Covers"
Innes Hendry,Power-Hitter,22,386,258,19,20.32,149.61,19,31,2,0,69,26.74%,67.88%,5.16,3.74,13.58,48.19%,8.32,59.62,"Full Toss, Left-arm, SlogSweep, Mid Wicket, Long On","Front Foot, Googly, Out Swing, Point, Covers"
Malcolm Sloan,Middle Order,17,324,257,13,24.92,126.07,22,10,2,0,75,29.18%,45.68%,8.03,3.43,19.77,18.52%,25.7,78.22,"Outside Leg, Backs Away, Out Swing, SlogSweep","Short Length, On Stumps, In Swing, Seam Away, Fine Leg"
Lachlan Rennie,Top-Order,14,490,257,12,40.83,190.66,60,25,4,1,46,17.90%,79.59%,3.02,5.59,21.42,30.61%,10.28,58.14,"Short Length, Outside Off, Front Foot, Out Swing, Hook, Long On, Third Man","Back of Length, Yorker, Down The Track, Leg Break, Point, Long Off"
Sean Kirkwood,Middle Order,17,290,257,13,22.31,112.84,17,17,0,0,118,45.91%,58.62%,7.56,2.18,19.77,35.17%,15.12,53.81,"Full Toss, Outside Leg, Backs Away, Drive, SlogSweep, Long On","Back of Length, Back Foot, Seam Away, Hook, Pull"
Niall MacIntosh,Lower Order,18,287,256,17,16.88,112.11,24,7,1,0,106,41.41%,48.08%,8.26,2.42,15.06,14.63%,36.57,66.22,"Outside Off, Out Swing, Slog, Point, Third Man","Short Length, Outside Leg, Hook, Square Leg"
Aiden Buchan,Middle Order,15,337,256,11,30.64,131.64,32,10,2,0,84,32.81%,55.79%,6.1,3.05,23.27,17.80%,25.6,69.63,"Length Delivery, Wide Off, In Swing, Off Cutter, Mid Wicket, Third Man","Full Toss, Short Length, Back Foot, Point, Square Leg"
Euan Maxwell,Lower Order,27,310,256,19,16.32,121.09,27,10,0,0,91,35.55%,54.19%,6.92,2.81,13.47,19.35%,25.6,64.84,"Moves Front, Right-arm, Off Break, Seam Away, Flick, Mid Wicket","Half Volley, Backs Away, Front Foot, Leg Break, Slower Ball, Long Off"
Douglas Duncan,Middle Order,14,318,255,14,22.71,124.71,32,10,2,0,100,39.22%,59.12%,6.07,2.55,18.21,18.87%,25.5,61.03,"Length Delivery, Down The Track, Seam Away, Flick, Long Off","Short Length, Outside Off, Right-arm, Off Cutter, Out Swing, Pull"
Rowan Drummond,Lower Order,28,279,255,19,14.68,109.41,14,13,0,0,104,40.78%,48.03%,9.44,2.45,13.42,27.96%,19.62,63.6,"Full Toss, Seam Away, Hook, Slog, Mid Wicket, Fine Leg","Backs Away, Front Foot, Googly, Leg Break, Third Man"
Rabbie Tennant,Top-Order,12,306,255,11,27.82,120.0,28,15,1,1,127,49.80%,66.01%,5.93,2.01,23.18,29.41%,17.0,49.06,"Outside Off, Back Foot, Front Foot, Slower Ball","Full Toss, Wide Off, Googly, Long On"
Maxwell Yuill,Lower Order,17,298,254,16,18.62,117.32,36,6,3,0,112,44.09%,60.40%,6.05,2.27,15.88,12.08%,42.33,55.66,"Full Toss, Short Length, Off Cutter, Square Leg","Wide Off, Down The Track, Front Foot, In Swing, Covers"
Fraser MacGregor,Lower Order,35,254,254,22,11.55,100.0,24,8,0,0,135,53.15%,56.69%,7.94,1.88,11.55,18.90%,31.75,49.55,"Yorker, Front Foot, Moves Front, Hook, Long On","Googly, Seam Away, SlogSweep, Sweep, Point"
Alistair Brodie,Top-Order,15,381,254,15,25.4,150.0,42,17,3,0,105,41.34%,70.87%,4.31,2.42,16.93,26.77%,14.94,56.92,"Outside Leg, Leg Break, Off Break, Flick, Sweep, Long Off","Short Length, Back Foot, Seam Away, Cut, Point, Third Man"
Shaw MacIntosh,Top-Order,11,287,253,10,28.7,113.44,28,3,1,0,95,37.55%,45.30%,8.16,2.66,25.3,6.27%,84.33,70.72,"Outside Off, Left-arm, In Swing, Covers","Back of Length, Back Foot, Off Cutter, Mid Wicket"
Leslie Reid,Middle Order,16,281,253,11,25.55,111.07,30,3,2,0,99,39.13%,49.11%,7.67,2.56,23.0,6.41%,84.33,65.0,"Down The Track, Off Break, Off Cutter, Sweep","Back of Length, Half Volley, Front Foot, Out Swing"
Gavin Somerville,Middle Order,13,307,253,11,27.91,121.34,34,4,1,0,93,36.76%,52.12%,6.66,2.72,23.0,7.82%,63.25,68.37,"Short Length, Wide Off, Googly, Seam Away, Pull","Moves Front, In Swing, Off Break, SlogSweep, Long On, Third Man"
Callum Reid,Top-Order,10,302,253,9,33.56,119.37,27,8,3,0,23,9.09%,51.66%,7.23,11.0,28.11,15.89%,31.63,66.97,"On Stumps, Googly, Hook, Sweep","Half Volley, Length Delivery, Pull, Mid Wicket"
Lorne Rankin,Middle Order,13,318,253,13,24.46,125.69,17,17,1,0,105,41.50%,53.46%,7.44,2.41,19.46,32.08%,14.88,67.58,"Outside Leg, Wide Off, Cut, Sweep, Point","Half Volley, Yorker, In Swing, Drive, Long Off"
Arran MacGregor,Middle Order,12,306,253,11,27.82,120.95,18,18,0,1,115,45.45%,58.82%,7.03,2.2,23.0,35.29%,14.06,58.06,"Length Delivery, Yorker, Right-arm, Off Break","Back Foot, Leg Break, Point, Third Man"
Archie Anderson,Middle Order,15,301,252,12,25.08,119.44,30,8,1,0,103,40.87%,55.81%,6.63,2.45,21.0,15.95%,31.5,62.15,"Moves Front, Off Cutter, Hook, Covers, Long Off","Yorker, Right-arm, Cut, Sweep"
Iain Montgomery,Power-Hitter,19,360,252,12,30.0,142.86,34,12,2,0,74,29.37%,57.78%,5.48,3.41,21.0,20.00%,21.0,73.79,"Short Length, Off Cutter, Drive, Slog, Point","Down The Track, Front Foot, Left-arm, Googly, In Swing, Square Leg"
Gavin Pollock,Middle Order,13,308,252,13,23.69,122.22,27,11,2,0,100,39.68%,56.49%,6.63,2.52,19.38,21.43%,22.91,62.62,"Half Volley, Outside Leg, Moves Front, Flick, Covers, Mid Wicket","Back Foot, Backs Away, Googly, Seam Away, Third Man"
Rabbie MacRae,Power-Hitter,19,322,251,16,20.12,128.29,30,11,3,0,98,39.04%,57.76%,6.12,2.56,15.69,20.50%,22.82,64.76,"Full Toss, Outside Off, Pull, Slog, Mid Wicket, Long On","Yorker, Outside Leg, Backs Away, Googly, Covers"
Somerled Keith,Lower Order,21,297,251,17,17.47,118.33,25,17,1,0,127,50.60%,68.01%,5.98,1.98,14.76,34.34%,14.76,45.45,"Full Toss, Off Break, Slog, Square Leg","Outside Off, Front Foot, Out Swing, Point, Covers"
Rabbie Rennie,Power-Hitter,17,303,250,12,25.25,121.2,28,9,1,0,102,40.80%,54.79%,6.76,2.45,20.83,17.82%,27.78,64.32,"Yorker, Back Foot, In Swing, Flick, Pull","Outside Leg, Googly, Off Cutter, Slog, Long On"
Finlay MacFarlane,Power-Hitter,16,302,250,12,25.17,120.8,25,11,0,0,104,41.60%,54.97%,6.94,2.4,20.83,21.85%,22.73,63.55,"Back of Length, Yorker, Off Break, Flick, Hook, Mid Wicket","Half Volley, Wide Off, Leg Break, Out Swing, Drive, Covers, Long Off"
Niall MacDuff,Lower Order,25,255,250,16,15.94,102.0,14,11,0,0,103,41.20%,47.84%,10.0,2.43,15.63,25.88%,22.73,59.11,"Yorker, Outside Off, Left-arm, Leg Break, Slog, Mid Wicket, Fine Leg","Half Volley, Length Delivery, Back Foot, Backs Away, Out Swing, Covers"
Gillies Gordon,Power-Hitter,25,377,250,19,19.84,150.8,27,18,1,0,46,18.40%,57.29%,5.56,5.43,13.16,28.65%,13.89,78.54,"Wide Off, Backs Away, Moves Front, Long On","Outside Off, Out Swing, Sweep, Square Leg"
Kieran Munro,Top-Order,11,327,249,9,36.33,131.33,34,11,1,1,91,36.55%,61.77%,5.53,2.74,27.67,20.18%,22.64,61.27,"Outside Off, Front Foot, In Swing, Cut, Covers","Googly, Off Cutter, Pull, Mid Wicket, Fine Leg"
Ranald Oliphant,Power-Hitter,22,293,249,21,13.95,117.67,22,13,0,0,99,39.76%,56.66%,7.11,2.52,11.86,26.62%,19.15,59.35,"On Stumps, Backs Away, Right-arm, Off Break, Sweep, Point","Full Toss, Off Cutter, Slower Ball, Drive, Pull, Long Off"
Matthew Sempill,Middle Order,14,354,249,14,25.29,142.17,31,20,2,0,104,41.77%,68.93%,4.88,2.39,17.79,33.90%,12.45,55.56,"Full Toss, On Stumps, Off Cutter, Pull, SlogSweep, Mid Wicket","Yorker, Wide Off, Googly, Out Swing"
Campbell MacIver,Lower Order,17,264,249,15,17.6,106.02,20,15,0,0,131,52.61%,64.39%,7.11,1.9,16.6,34.09%,16.6,43.93,"On Stumps, Wide Off, Cut, Flick, Mid Wicket","Length Delivery, Down The Track, Off Break, Out Swing, Covers"
Sandy Gibson,Lower Order,17,273,248,13,21.0,110.08,18,7,1,0,101,40.73%,41.76%,9.92,2.46,19.08,15.38%,35.43,71.3,"Yorker, Moves Front, In Swing, Flick, Fine Leg","Back of Length, Short Length, Back Foot, Off Break, Pull"
Fraser Findlay,Power-Hitter,17,366,248,17,21.53,147.58,34,15,1,0,88,35.48%,61.75%,5.06,2.82,14.59,24.59%,16.53,70.35,"Full Toss, Slog, SlogSweep, Fine Leg","Backs Away, Front Foot, Googly, Out Swing, Pull"
Norman MacBeth,Power-Hitter,17,358,248,17,21.06,144.35,24,25,2,0,104,41.94%,68.72%,5.06,2.38,14.59,41.90%,9.92,56.28,"Short Length, Yorker, Back Foot, Off Break, Long On","Wide Off, Leg Break, Out Swing, Long Off"
Niall Bell,Power-Hitter,27,327,247,22,14.86,132.39,24,16,0,0,93,37.65%,58.72%,6.18,2.66,11.23,29.36%,15.44,65.22,"Short Length, In Swing, Seam Away, Fine Leg","Backs Away, Off Break, Slog, Long On"
Kyle MacGill,Top-Order,14,388,247,13,29.85,157.09,34,19,0,1,59,23.89%,64.43%,4.66,4.19,19.0,29.38%,13.0,71.13,"Back of Length, Full Toss, Outside Leg, Flick, Square Leg, Covers","Half Volley, Moves Front, Left-arm, Seam Away, Slower Ball, Long Off"
Stuart MacPherson,Middle Order,15,372,247,11,33.82,150.61,40,19,2,0,97,39.27%,73.66%,4.19,2.55,22.45,30.65%,13.0,52.13,"Short Length, Pull, SlogSweep, Mid Wicket, Third Man","Half Volley, Down The Track, Googly, Drive"
Hamish Dunbar,Middle Order,14,248,245,12,20.67,101.22,15,11,1,0,123,50.20%,50.81%,9.42,1.99,20.42,26.61%,22.27,55.71,"Half Volley, Googly, Leg Break, Point, Fine Leg","Full Toss, Right-arm, Off Break, Long On"
Dugald MacDougall,Power-Hitter,26,383,245,15,25.53,156.33,31,19,2,0,52,21.22%,62.14%,4.9,4.71,16.33,29.77%,12.89,74.36,"Full Toss, Yorker, Backs Away, Down The Track, Leg Break, Fine Leg","On Stumps, Outside Off, Off Cutter, Out Swing, Slog"
Gordon Gillespie,Top-Order,15,331,244,15,22.07,135.66,41,7,3,0,88,36.07%,62.24%,5.08,2.77,16.27,12.69%,34.86,63.78,"Yorker, On Stumps, Down The Track, Front Foot, Covers","Back of Length, Short Length, Back Foot, Off Cutter, Hook, Pull"
Stewart Dalgleish,Lower Order,18,275,244,18,15.28,112.7,26,13,1,0,125,51.23%,66.18%,6.26,1.95,13.56,28.36%,18.77,45.37,"Full Toss, Outside Leg, Wide Off, Seam Away","On Stumps, Off Break, Off Cutter, Long On"
Gillies Hamilton,Power-Hitter,16,309,243,14,22.07,127.16,36,4,0,0,83,34.16%,54.37%,6.08,2.93,17.36,7.77%,60.75,69.46,"Short Length, Down The Track, Off Break, Slower Ball, SlogSweep, Long On","Outside Leg, Backs Away, Left-arm, In Swing, Out Swing"
Alistair Innes,Power-Hitter,19,308,243,18,17.11,126.75,20,11,1,0,56,23.05%,47.40%,7.84,4.34,13.5,21.43%,22.09,76.42,"Full Toss, Short Length, Cut, Flick, Mid Wicket, Fine Leg","Down The Track, Right-arm, Googly, Slower Ball, Long Off, Long On"
Rabbie Wardlaw,Power-Hitter,18,332,243,16,20.75,136.63,21,23,1,1,100,41.15%,66.87%,5.52,2.43,15.19,41.57%,10.57,55.28,"Length Delivery, Down The Track, Off Cutter, Hook","Outside Off, Wide Off, Out Swing, Cut"
Magnus Wallace,Lower Order,21,293,242,14,20.93,121.07,19,7,0,0,79,32.64%,40.27%,9.31,3.06,17.29,14.33%,34.57,81.02,"Yorker, Outside Leg, Googly, Seam Away, Fine Leg","Full Toss, Wide Off, Out Swing, Slower Ball, Pull, Mid Wicket"
Norman Whyte,Power-Hitter,15,255,242,13,19.62,105.37,24,8,2,0,110,45.45%,56.47%,7.56,2.2,18.62,18.82%,30.25,52.86,"Outside Off, In Swing, Seam Away, Third Man","Half Volley, Down The Track, Googly, Leg Break"
Duncan Henderson,Power-Hitter,19,293,242,15,19.53,121.07,25,10,0,0,52,21.49%,54.61%,6.91,4.65,16.13,20.48%,24.2,64.25,"Back Foot, Out Swing, SlogSweep, Third Man","Half Volley, Moves Front, Slower Ball, Slog"
Ruaridh Whyte,Top-Order,11,328,242,10,32.8,135.54,30,13,3,0,83,34.30%,60.37%,5.63,2.92,24.2,23.78%,18.62,65.33,"Outside Off, Googly, Seam Away, Pull","Length Delivery, On Stumps, Moves Front, Off Break, Long On"
Graeme MacGill,Power-Hitter,22,316,242,18,17.56,130.58,17,13,1,0,71,29.34%,46.20%,8.07,3.41,13.44,24.68%,18.62,80.19,"Outside Leg, Backs Away, Moves Front, Flick, Hook, Long On","Back of Length, Leg Break, Cut, Pull, Mid Wicket"
Euan Clark,Middle Order,11,271,241,7,38.71,112.45,20,9,0,0,100,41.49%,49.45%,8.31,2.41,34.43,19.93%,26.78,64.62,"Length Delivery, Outside Off, Left-arm, In Swing, Covers, Mid Wicket","Short Length, Googly, Sweep, Point, Square Leg"
Archie Ramsay,Lower Order,15,213,240,13,16.38,88.75,16,6,1,0,119,49.58%,46.95%,10.91,2.02,18.46,16.90%,40.0,51.83,"Outside Leg, Leg Break, Out Swing, Covers","Full Toss, Back Foot, In Swing, Mid Wicket"
Finlay Grant,Lower Order,29,335,240,22,15.23,139.58,21,15,0,0,50,20.83%,51.94%,6.67,4.8,10.91,26.87%,16.0,78.92,"Full Toss, Half Volley, On Stumps, Outside Off, Left-arm, Off Cutter, Point","Short Length, Yorker, Backs Away, Down The Track, Hook, Pull"
Connor Gibson,Lower Order,31,291,240,27,10.78,121.25,17,17,1,0,109,45.42%,58.42%,7.06,2.2,8.89,35.05%,14.12,58.74,"Full Toss, Length Delivery, Off Break, Off Cutter, Slog, Long Off, Long On","Yorker, Outside Off, Leg Break, Out Swing, Cut, Third Man"
Torquil Drummond,Middle Order,13,371,240,12,30.92,154.58,30,22,2,1,83,34.58%,67.92%,4.62,2.89,20.0,35.58%,10.91,63.3,"Length Delivery, Leg Break, Hook, Square Leg, Long On","Left-arm, In Swing, Seam Away, Covers"
Eoin Wishart,Middle Order,15,234,240,12,19.5,97.5,14,14,0,0,125,52.08%,59.83%,8.57,1.92,20.0,35.90%,17.14,44.34,"Back of Length, Back Foot, Leg Break, Point, Square Leg","Full Toss, Length Delivery, Moves Front, Drive, Slog, Mid Wicket"
Rowan Inglis,Top-Order,9,264,239,8,33.0,110.46,23,8,2,0,104,43.51%,53.03%,7.71,2.3,29.88,18.18%,29.88,59.62,"Yorker, Front Foot, Out Swing, Drive, Covers","Short Length, Back Foot, Off Break, Hook"
Matthew Moncrieff,Power-Hitter,20,373,238,14,26.64,156.72,33,17,0,0,70,29.41%,62.73%,4.76,3.4,17.0,27.35%,14.0,73.94,"Back of Length, On Stumps, Back Foot, Long Off","Yorker, Moves Front, Slower Ball, Slog"
Bruce Brodie,Power-Hitter,26,372,238,19,19.58,156.3,26,23,0,0,56,23.53%,65.05%,4.86,4.25,12.53,37.10%,10.35,68.78,"Outside Off, Back Foot, Backs Away, Pull, Third Man","Length Delivery, Yorker, Moves Front, Flick, Long On"
Jack Robertson,Power-Hitter,25,320,238,17,18.82,134.45,17,21,0,0,94,39.50%,60.63%,6.26,2.53,14.0,39.38%,11.33,63.0,"Back of Length, Full Toss, Front Foot, Slog, Mid Wicket","Yorker, Outside Leg, Googly, Leg Break, Fine Leg"
Kyle Stewart,Lower Order,24,224,237,17,13.18,94.51,17,7,1,0,110,46.41%,49.11%,9.88,2.15,13.94,18.75%,33.86,53.52,"Outside Leg, Wide Off, Seam Away, Sweep, Square Leg, Long Off","Half Volley, Length Delivery, Down The Track, Front Foot, Covers"
Lewis Nicolson,Middle Order,14,328,237,10,32.8,138.4,30,11,2,0,73,30.80%,56.71%,5.78,3.25,23.7,20.12%,21.55,72.45,"Back of Length, Wide Off, Backs Away, Moves Front, Off Cutter","Short Length, Yorker, Outside Leg, Front Foot, Out Swing, Flick"
Kyle MacAulay,Power-Hitter,15,387,237,14,27.64,163.29,35,21,1,0,64,27.00%,68.73%,4.23,3.7,16.93,32.56%,11.29,66.85,"Back of Length, Back Foot, Hook, Square Leg","Moves Front, Googly, Slower Ball, Long On"
Alec Lindsay,Middle Order,15,287,237,15,19.13,121.1,24,19,2,0,125,52.74%,73.17%,5.51,1.9,15.8,39.72%,12.47,39.69,"On Stumps, Outside Leg, SlogSweep, Sweep, Square Leg","Length Delivery, Outside Off, Right-arm, Seam Away, Point, Long Off"
Somerled Dunbar,Lower Order,15,219,236,12,18.25,92.8,14,5,0,0,114,48.31%,39.27%,12.42,2.07,19.67,13.70%,47.2,61.29,"Googly, Leg Break, Slog, Long Off, Third Man","Outside Leg, Off Break, Flick, Covers, Mid Wicket"
Hugh Craig,Middle Order,16,365,236,15,24.33,154.66,39,19,3,0,98,41.53%,73.97%,4.07,2.41,15.73,31.23%,12.42,53.37,"Right-arm, Out Swing, SlogSweep, Mid Wicket","Yorker, Backs Away, Down The Track, Googly"
Somerled Gallacher,Top-Order,14,358,236,11,32.55,151.69,28,19,2,0,78,33.05%,63.13%,5.02,3.03,21.45,31.84%,12.42,69.84,"Seam Away, Pull, Square Leg, Mid Wicket","Length Delivery, In Swing, Drive, Fine Leg, Long Off"
Brodie Bell,Top-Order,12,304,235,12,25.33,129.36,28,9,1,0,87,37.02%,54.61%,6.35,2.7,19.58,17.76%,26.11,69.7,"Half Volley, In Swing, Drive, Covers","Short Length, Googly, Cut, SlogSweep"
Archie Weir,Lower Order,24,210,235,24,8.75,89.36,15,9,0,0,137,58.30%,54.29%,9.79,1.72,9.79,25.71%,26.11,45.5,"Full Toss, Out Swing, Seam Away, Sweep, Long On","Back of Length, Short Length, Down The Track, Hook, Pull, Long Off"
Robert Miller,Lower Order,17,212,234,16,13.25,90.6,22,1,1,0,113,48.29%,44.34%,10.17,2.07,14.63,2.83%,234.0,55.92,"Back of Length, Back Foot, Backs Away, Right-arm, Covers, Fine Leg","Length Delivery, On Stumps, Googly, Off Break, Sweep, Long On"
Cailean MacDonald,Middle Order,17,313,234,14,22.36,133.76,24,11,1,0,67,28.63%,51.76%,6.69,3.49,16.71,21.09%,21.27,75.88,"Back of Length, Back Foot, Backs Away, Off Cutter, Flick, Third Man","Down The Track, Moves Front, Googly, Drive, SlogSweep, Covers"
Finlay Lauder,Middle Order,15,334,234,12,27.83,142.74,20,17,2,0,60,25.64%,54.49%,6.32,3.9,19.5,30.54%,13.76,77.16,"Outside Off, Right-arm, Off Break, Off Cutter, Mid Wicket, Fine Leg","Half Volley, Length Delivery, Leg Break, Out Swing, Square Leg"
Aiden Baxter,Power-Hitter,24,348,234,19,18.32,148.72,28,19,0,0,83,35.47%,64.94%,4.98,2.82,12.32,32.76%,12.32,65.24,"Outside Leg, Wide Off, Down The Track, Slog, Long On","Back of Length, Short Length, Back Foot, In Swing, Hook"
Alec Moffat,Lower Order,16,194,233,11,17.64,83.26,15,2,0,0,108,46.35%,37.11%,13.71,2.16,21.18,6.19%,116.5,56.48,"Half Volley, Front Foot, Right-arm, Drive, Fine Leg","Back of Length, Back Foot, Googly, Hook, Square Leg"
Blair Thomson,Lower Order,26,254,233,21,12.1,109.01,26,6,0,0,110,47.21%,55.12%,7.28,2.12,11.1,14.17%,38.83,56.72,"Full Toss, Off Break, Off Cutter, Flick","Outside Off, Seam Away, Point, Third Man"
Stewart Sloan,Lower Order,20,221,233,11,20.09,94.85,18,6,1,0,115,49.36%,48.87%,9.71,2.03,21.18,16.29%,38.83,54.07,"Back of Length, Front Foot, Right-arm, In Swing, Slog","Short Length, Backs Away, Off Cutter, Sweep, Third Man"
Campbell Middleton,Middle Order,13,275,233,11,25.0,118.03,25,10,2,0,101,43.35%,58.18%,6.66,2.31,21.18,21.82%,23.3,58.08,"On Stumps, Outside Leg, Googly, Flick, SlogSweep, Long Off","Wide Off, Right-arm, Out Swing, Seam Away, Covers, Third Man"
Rabbie Fraser,Power-Hitter,15,350,233,15,23.33,150.21,40,14,2,0,12,5.15%,69.71%,4.31,19.42,15.53,24.00%,16.64,59.22,"Outside Off, Down The Track, Front Foot, Slower Ball, Long Off, Third Man","Short Length, Hook, Sweep, Mid Wicket, Fine Leg"
Alban Brown,Top-Order,14,333,233,11,30.27,142.92,30,16,2,0,79,33.91%,64.86%,5.07,2.95,21.18,28.83%,14.56,62.57,"Yorker, Front Foot, Googly, SlogSweep, Covers","Off Cutter, Slower Ball, Hook, Long Off, Third Man"
Fergus Inglis,Top-Order,10,386,233,10,38.6,165.67,39,21,3,0,84,36.05%,73.06%,3.88,2.77,23.3,32.64%,11.1,60.12,"In Swing, Slower Ball, Hook, Sweep, Point","Length Delivery, Googly, Drive, Covers"
Tavish Bell,Top-Order,11,194,232,9,21.56,83.62,9,4,1,0,101,43.53%,30.93%,17.85,2.3,25.78,12.37%,58.0,61.19,"Back of Length, Length Delivery, Front Foot, Right-arm, Off Break","Outside Leg, Googly, Hook, Fine Leg"
Brodie Farquharson,Lower Order,14,273,232,11,24.82,117.67,17,10,1,0,73,31.47%,46.89%,8.59,3.18,21.09,21.98%,23.2,70.73,"On Stumps, Googly, Cut, Pull, Square Leg","Length Delivery, Moves Front, Drive, Fine Leg"
Mungo Bruce,Top-Order,7,350,232,7,50.0,150.86,36,14,4,0,20,8.62%,65.14%,4.64,11.6,33.14,24.00%,16.57,67.03,"Length Delivery, Outside Off, Square Leg, Mid Wicket","Down The Track, Off Break, Hook, Fine Leg"
Donald Donaldson,Lower Order,23,300,232,12,25.0,129.31,23,12,0,0,81,34.91%,54.67%,6.63,2.86,19.33,24.00%,19.33,69.04,"Back of Length, Outside Leg, Off Cutter, Drive, Point","Short Length, Down The Track, Right-arm, Googly, Leg Break, Slog"
Norman Miller,Middle Order,15,366,232,14,26.14,157.76,34,18,2,0,36,15.52%,66.67%,4.46,6.44,16.57,29.51%,12.89,67.78,"Outside Off, Right-arm, Off Break, Out Swing, Covers","Yorker, On Stumps, In Swing, Flick, Fine Leg"
Douglas Gibson,Lower Order,13,249,231,11,22.64,107.79,14,7,0,0,81,35.06%,39.36%,11.0,2.85,21.0,16.87%,33.0,71.9,"Backs Away, Off Cutter, Pull, Point","Yorker, Flick, SlogSweep, Fine Leg"
Leslie Moffat,Power-Hitter,15,307,231,11,27.91,132.9,26,11,1,0,80,34.63%,55.37%,6.24,2.89,21.0,21.50%,21.0,70.62,"Length Delivery, Outside Off, Drive, Sweep, Covers, Fine Leg","Back Foot, Backs Away, Right-arm, Slower Ball, Square Leg, Mid Wicket"
Christopher Johnstone,Power-Hitter,21,338,231,17,19.88,146.32,17,24,1,0,52,22.51%,62.72%,5.63,4.44,13.59,42.60%,9.63,66.32,"Down The Track, Off Cutter, Slower Ball, Slog, Long Off, Long On","Short Length, Back Foot, Backs Away, Hook, Point, Square Leg"
Innes Gray,Middle Order,14,331,230,14,23.64,143.91,43,8,2,0,83,36.09%,66.47%,4.51,2.77,16.43,14.50%,28.75,62.01,"Front Foot, Out Swing, Cut, Drive","Short Length, Flick, Pull, Square Leg, Mid Wicket"
Aiden Melville,Power-Hitter,15,308,230,13,23.69,133.91,28,10,0,0,74,32.17%,55.84%,6.05,3.11,17.69,19.48%,23.0,70.83,"Outside Off, Wide Off, Backs Away, Out Swing, Point, Third Man","Off Cutter, Slower Ball, Hook, Sweep, Square Leg"
Jack Purves,Middle Order,13,277,230,13,21.31,120.43,22,10,1,0,77,33.48%,53.43%,7.19,2.99,17.69,21.66%,23.0,65.15,"Short Length, Wide Off, Flick, Third Man","Back of Length, Down The Track, Leg Break, Point"
Niall Forbes,Power-Hitter,25,335,230,21,15.95,145.65,18,26,0,0,96,41.74%,68.06%,5.23,2.4,10.95,46.57%,8.85,57.53,"Down The Track, Off Break, Slower Ball, Slog, SlogSweep, Long On","Yorker, Front Foot, Flick, Covers"
Dougal Dunbar,Lower Order,15,262,229,15,17.47,114.41,32,7,1,0,113,49.34%,64.89%,5.87,2.03,15.27,16.03%,32.71,48.42,"On Stumps, Flick, Point, Covers","Half Volley, Short Length, Off Break, SlogSweep"
Charlie Erskine,Top-Order,10,297,229,8,37.12,129.69,31,12,2,0,96,41.92%,65.99%,5.33,2.39,28.63,24.24%,19.08,54.3,"Outside Leg, Seam Away, Cut, Flick","Slower Ball, Drive, Pull, Long Off"
Fraser Cumming,Power-Hitter,18,355,229,10,35.5,155.02,26,17,1,0,26,11.35%,58.03%,5.33,8.81,22.9,28.73%,13.47,80.11,"Half Volley, Wide Off, Slower Ball, Pull, Covers, Third Man","Full Toss, Yorker, Flick, Square Leg"
Donald Montgomery,Power-Hitter,15,257,229,15,17.13,112.23,20,13,1,0,100,43.67%,61.48%,6.94,2.29,15.27,30.35%,17.62,50.51,"Off Cutter, Pull, Slog, Long On","Half Volley, Googly, Leg Break, Sweep, Long Off"
Lewis Gibson,Power-Hitter,21,352,229,13,27.08,153.71,28,22,2,0,86,37.55%,69.32%,4.58,2.66,17.62,37.50%,10.41,60.34,"Off Break, Slog, SlogSweep, Mid Wicket, Long Off","Yorker, Seam Away, Drive, Hook"
Cameron Montgomery,Lower Order,17,274,228,16,17.12,120.18,26,7,1,0,82,35.96%,53.28%,6.91,2.78,14.25,15.33%,32.57,65.64,"Outside Off, Wide Off, Front Foot, Seam Away","On Stumps, Leg Break, Slog, Fine Leg"
Leslie Traquair,Middle Order,13,314,228,13,24.15,137.72,25,15,2,0,76,33.33%,60.51%,5.7,3.0,17.54,28.66%,15.2,65.96,"Back of Length, Yorker, Outside Off, Wide Off, Front Foot, Cut, Drive","On Stumps, Moves Front, Right-arm, Off Break, Slog, Mid Wicket, Long On"
Mungo Watson,Power-Hitter,19,318,228,14,22.71,139.47,16,20,0,0,42,18.42%,57.86%,6.33,5.43,16.29,37.74%,11.4,69.79,"Full Toss, Back Foot, Cut, Point","On Stumps, Outside Leg, Down The Track, In Swing"
Leslie MacAlister,Middle Order,15,336,227,14,24.0,148.02,31,16,3,0,39,17.18%,65.48%,4.83,5.82,16.21,28.57%,14.19,64.44,"Back Foot, Seam Away, Slower Ball, Mid Wicket","Yorker, Backs Away, In Swing, Fine Leg"
Robbie MacMillan,Power-Hitter,19,324,227,13,24.92,142.73,20,22,1,0,90,39.65%,65.43%,5.4,2.52,17.46,40.74%,10.32,60.54,"Full Toss, Wide Off, Seam Away, Cut, Hook","Yorker, Moves Front, Googly, In Swing, Pull"
Robert Hendry,Top-Order,13,355,227,12,29.58,156.39,23,27,1,0,81,35.68%,71.55%,4.54,2.8,18.92,45.63%,8.41,57.06,"Full Toss, Drive, Mid Wicket, Long On","Leg Break, Out Swing, Sweep, Covers"
Campbell Keith,Top-Order,10,309,226,8,38.62,136.73,27,8,3,0,70,30.97%,50.49%,6.46,3.23,28.25,15.53%,28.25,80.1,"Yorker, Outside Off, Out Swing, Slower Ball, Hook, Third Man","Full Toss, Length Delivery, Moves Front, In Swing, Square Leg, Mid Wicket"
Callum Buchanan,Middle Order,13,243,226,13,18.69,107.52,18,8,1,0,90,39.82%,49.38%,8.69,2.51,17.38,19.75%,28.25,61.5,"Yorker, Outside Leg, Down The Track, Drive, SlogSweep","Wide Off, Back Foot, Seam Away, Point, Third Man"
Charlie Somerville,Power-Hitter,14,283,226,13,21.77,125.22,30,11,1,0,96,42.48%,65.72%,5.51,2.35,17.38,23.32%,20.55,52.43,"Full Toss, Left-arm, Googly, Hook, Slog","Outside Off, Wide Off, Off Cutter, Cut, Point, Covers"
Christopher Forbes,Lower Order,23,293,226,21,13.95,129.65,22,12,1,0,49,21.68%,54.61%,6.65,4.61,10.76,24.57%,18.83,69.27,"Length Delivery, Backs Away, Moves Front, Flick, Slog","Short Length, Back Foot, Leg Break, Long Off"
Sean Douglas,Top-Order,11,338,226,8,42.25,149.56,22,18,2,0,15,6.64%,57.99%,5.65,15.07,28.25,31.95%,12.56,76.34,"Back of Length, Yorker, Off Cutter, Slower Ball, Flick","Outside Off, Right-arm, Out Swing, Covers, Third Man"
William Kennedy,Top-Order,11,311,226,10,31.1,137.61,22,18,2,0,90,39.82%,63.02%,5.65,2.51,22.6,34.73%,12.56,61.83,"Short Length, On Stumps, Left-arm, Drive, Long On","Off Break, Sweep, Point, Third Man"
Eoin MacPherson,Middle Order,11,355,225,9,39.44,157.78,41,14,3,0,77,34.22%,69.86%,4.09,2.92,25.0,23.66%,16.07,62.94,"Leg Break, Cut, Hook, Square Leg","Moves Front, Right-arm, Off Cutter, Slower Ball"
Findlay Turnbull,Middle Order,16,302,225,15,20.13,134.22,31,13,2,0,93,41.33%,66.89%,5.11,2.42,15.0,25.83%,17.31,55.25,"Outside Leg, Front Foot, Right-arm, Out Swing, Flick, Sweep","Back of Length, Back Foot, Down The Track, Off Cutter, Slog, Long On"
Duncan Logan,Middle Order,14,317,225,13,24.38,140.89,26,15,0,1,74,32.89%,61.20%,5.49,3.04,17.31,28.39%,15.0,66.85,"Length Delivery, Short Length, Back Foot, Hook","Yorker, Outside Leg, Leg Break, Slower Ball, Long Off"
Ollie Chisholm,Top-Order,11,382,225,9,42.44,169.78,30,22,4,0,20,8.89%,65.97%,4.33,11.25,25.0,34.55%,10.23,75.14,"Back of Length, Drive, Fine Leg, Long On","Seam Away, Slower Ball, Flick, Third Man"
Graeme Donaldson,Power-Hitter,22,320,225,21,15.24,142.22,29,19,0,0,61,27.11%,71.88%,4.69,3.69,10.71,35.63%,11.84,50.85,"Full Toss, Short Length, Off Cutter, Mid Wicket, Fine Leg","Half Volley, Front Foot, Out Swing, Long Off, Third Man"
Harris MacPherson,Top-Order,13,311,224,8,38.88,138.84,10,22,3,0,79,35.27%,55.31%,7.0,2.84,28.0,42.44%,10.18,72.4,"Left-arm, In Swing, Seam Away, Drive, Long Off, Long On","Short Length, Outside Leg, Back Foot, Out Swing, Hook, Sweep, Square Leg"
Farquhar Weir,Lower Order,13,189,223,11,17.18,84.75,18,2,1,0,117,52.47%,44.44%,11.15,1.91,20.27,6.35%,111.5,51.72,"Back of Length, Moves Front, Googly, Out Swing, Square Leg","Outside Off, Wide Off, Off Break, Drive, Hook, Long On"
Ollie Rutherford,Lower Order,14,181,223,11,16.45,81.17,13,2,0,0,97,43.50%,35.36%,14.87,2.3,20.27,6.63%,111.5,56.25,"Down The Track, Moves Front, Off Break, Slog","Outside Off, Out Swing, Point, Third Man"
Neil Chisholm,Lower Order,16,270,223,11,24.55,121.08,20,3,1,0,63,28.25%,36.30%,9.7,3.54,20.27,6.67%,74.33,86.0,"Out Swing, Flick, Point, Square Leg","Left-arm, Off Cutter, Long Off, Third Man"
Alasdair MacFarlane,Power-Hitter,20,340,223,20,17.0,152.47,25,24,2,0,100,44.84%,71.76%,4.55,2.23,11.15,42.35%,9.29,55.17,"Right-arm, Off Break, Off Cutter, Slog, SlogSweep, Mid Wicket, Long On","Outside Off, Left-arm, In Swing, Out Swing, Point, Fine Leg"
Gregor MacDougall,Top-Order,10,293,222,9,32.56,131.98,36,10,4,0,98,44.14%,69.62%,4.83,2.27,24.67,20.48%,22.2,50.57,"Yorker, Outside Off, In Swing, Long On","Back Foot, Googly, Leg Break, Sweep"
Maxwell Stewart,Middle Order,14,285,220,14,20.36,129.55,26,10,1,0,81,36.82%,57.54%,6.11,2.72,15.71,21.05%,22.0,65.76,"Outside Off, Seam Away, Slower Ball, Long Off, Third Man","Length Delivery, Short Length, Leg Break, Sweep, Long On"
Rory Davidson,Top-Order,13,344,220,8,43.0,156.36,24,25,1,0,80,36.36%,71.51%,4.49,2.75,27.5,43.60%,8.8,57.31,"Outside Leg, Slog, Long Off, Third Man","Length Delivery, Short Length, In Swing, Hook"
Angus Colquhoun,Power-Hitter,15,295,219,14,21.07,134.7,19,15,1,0,81,36.99%,56.27%,6.44,2.7,15.64,30.51%,14.6,69.73,"Short Length, Down The Track, Off Break, Pull, Slog, Square Leg","Outside Off, Backs Away, Cut, Point, Third Man"
Hamish Watson,Middle Order,17,320,219,15,21.33,146.12,17,25,2,0,88,40.18%,68.13%,5.21,2.49,14.6,46.88%,8.76,57.63,"Full Toss, Off Break, Off Cutter, Square Leg, Mid Wicket","Length Delivery, Outside Off, Out Swing, Covers"
Callum Kinnear,Lower Order,23,255,218,18,14.17,116.97,26,6,0,0,93,42.66%,54.90%,6.81,2.34,12.11,14.12%,36.33,61.83,"Back of Length, Short Length, Cut, Slog, Point","Half Volley, Length Delivery, Front Foot, Googly, Covers"
Sandy Grant,Power-Hitter,16,296,218,15,19.73,135.78,30,11,0,1,85,38.99%,62.84%,5.32,2.56,14.53,22.30%,19.82,62.15,"Back of Length, Yorker, Left-arm, Slower Ball, Long Off","On Stumps, Backs Away, Googly, SlogSweep, Long On"
Euan Turnbull,Power-Hitter,30,322,217,22,14.64,148.39,22,24,0,0,95,43.78%,72.05%,4.72,2.28,9.86,44.72%,9.04,52.63,"Short Length, Leg Break, Sweep, Mid Wicket","Yorker, In Swing, Out Swing, Drive"
Hugh Chalmers,Lower Order,19,247,216,16,15.44,114.35,13,10,0,0,90,41.67%,45.34%,9.39,2.4,13.5,24.29%,21.6,69.95,"Back Foot, Down The Track, Slower Ball, SlogSweep, Square Leg","Outside Off, Left-arm, Out Swing, Fine Leg, Third Man"
Stuart Irvine,Power-Hitter,25,281,216,16,17.56,130.09,21,12,0,0,81,37.50%,55.52%,6.55,2.67,13.5,25.62%,18.0,68.31,"Back of Length, Back Foot, Cut, Hook, Point","Length Delivery, Down The Track, Out Swing, Slower Ball, Long On"
Kenneth Henderson,Power-Hitter,19,257,216,18,14.28,118.98,16,16,1,0,103,47.69%,62.26%,6.75,2.1,12.0,37.35%,13.5,52.72,"Down The Track, Leg Break, SlogSweep, Point, Long On","Yorker, Front Foot, In Swing, Flick, Third Man"
Matthew Gillespie,Lower Order,20,274,215,18,15.22,127.44,16,12,0,0,78,36.28%,49.64%,7.68,2.76,11.94,26.28%,17.92,73.8,"On Stumps, Back Foot, Cut, Flick, Point","Right-arm, Out Swing, Drive, Slog, Long Off"
Wallace Sempill,Top-Order,10,270,215,8,33.75,125.58,16,12,0,0,23,10.70%,50.37%,7.68,9.35,26.88,26.67%,17.92,71.66,"Leg Break, Cut, Pull, Covers","Full Toss, In Swing, Off Cutter, Fine Leg"
Niall Baird,Power-Hitter,18,275,215,15,18.33,127.91,19,14,1,0,84,39.07%,58.18%,6.52,2.56,14.33,30.55%,15.36,63.19,"Back of Length, Down The Track, Moves Front, Long On","Yorker, Wide Off, Drive, Point"
Struan Lockhart,Power-Hitter,19,306,214,13,23.54,142.99,20,19,0,0,63,29.44%,63.40%,5.49,3.4,16.46,37.25%,11.26,64.0,"Short Length, Back Foot, Off Cutter, Drive","Down The Track, Moves Front, Right-arm, Googly"
Kyle Kerr,Lower Order,13,177,213,9,19.67,83.1,17,4,1,0,114,53.52%,51.98%,10.14,1.87,23.67,13.56%,53.25,44.27,"Yorker, On Stumps, Down The Track, Out Swing, Slog","Back of Length, Back Foot, Seam Away, Cut"
Sean MacLeod,Top-Order,9,320,213,8,40.0,150.23,28,13,2,0,59,27.70%,59.38%,5.2,3.61,26.63,24.38%,16.38,75.58,"Short Length, Front Foot, Covers, Mid Wicket","Back of Length, Backs Away, Left-arm, Seam Away"
Innes Brown,Power-Hitter,23,333,213,22,15.14,156.34,33,16,1,0,60,28.17%,68.47%,4.35,3.55,9.68,28.83%,13.31,64.02,"Left-arm, Off Break, Slog, Mid Wicket","Outside Leg, Out Swing, Hook, Long Off"
Kenneth Burnett,Top-Order,12,300,213,5,60.0,140.85,19,16,2,0,69,32.39%,57.33%,6.09,3.09,42.6,32.00%,13.31,71.91,"Half Volley, Right-arm, Out Swing, Covers","In Swing, Cut, Hook, Long On"
Gregor Menzies,Lower Order,28,276,212,19,14.53,130.19,21,8,0,0,77,36.32%,47.83%,7.31,2.75,11.16,17.39%,26.5,78.69,"Back of Length, Googly, Pull, Sweep, Fine Leg","On Stumps, Left-arm, In Swing, Hook, Slog"
Farquhar Henderson,Middle Order,12,380,212,12,31.67,179.25,37,25,2,1,80,37.74%,78.42%,3.42,2.65,17.67,39.47%,8.48,54.67,"Back of Length, Backs Away, Slog, Point","Length Delivery, Yorker, Front Foot, Flick"
Fraser Stewart,Lower Order,20,156,211,12,13.0,73.93,9,0,0,0,100,47.39%,23.08%,23.44,2.11,17.58,0.00%,,59.41,"Outside Leg, Wide Off, In Swing, Seam Away, Cut, Point","Half Volley, Short Length, Moves Front, Off Break, Out Swing, Covers, Mid Wicket"
Ranald Pollock,Lower Order,21,162,211,15,10.8,76.78,13,3,0,0,115,54.50%,43.21%,13.19,1.83,14.07,11.11%,70.33,47.18,"Front Foot, Seam Away, Hook, Point, Square Leg","On Stumps, Down The Track, Slower Ball, Slog, Long On"
Alban Menzies,Power-Hitter,21,294,211,17,17.29,139.34,11,24,0,0,60,28.44%,63.95%,6.03,3.52,12.41,48.98%,8.79,60.23,"Full Toss, Off Break, Flick, Sweep, Mid Wicket, Long On","Wide Off, Cut, Point, Third Man"
Mungo Elliot,Top-Order,9,227,210,8,28.38,108.1,20,1,1,0,74,35.24%,37.89%,10.0,2.84,26.25,2.64%,210.0,74.6,"Full Toss, Googly, Off Cutter, Flick","Short Length, Moves Front, Off Break, SlogSweep"
Somerled Blair,Power-Hitter,15,285,210,12,23.75,135.71,15,21,0,0,90,42.86%,65.26%,5.83,2.33,17.5,44.21%,10.0,56.9,"Down The Track, Hook, Slog, Point, Mid Wicket","Half Volley, Front Foot, Drive, Covers"
Bruce Clark,Power-Hitter,16,255,209,12,21.25,122.01,19,11,0,0,85,40.67%,55.69%,6.97,2.46,17.42,25.88%,19.0,63.13,"Short Length, Left-arm, Hook, Pull, Square Leg","Length Delivery, Outside Leg, Right-arm, Googly, Out Swing, SlogSweep"
Rowan Baxter,Power-Hitter,18,317,209,17,18.65,151.67,28,18,0,0,86,41.15%,69.40%,4.54,2.43,12.29,34.07%,11.61,59.51,"Short Length, Down The Track, Front Foot, Seam Away, Long Off","On Stumps, Slog, SlogSweep, Long On"
Roy MacIver,Middle Order,16,324,209,14,23.14,155.02,12,28,1,0,77,36.84%,66.67%,5.23,2.71,14.93,51.85%,7.46,63.91,"Full Toss, Down The Track, Off Cutter, Slower Ball, Mid Wicket","Yorker, Wide Off, Back Foot, SlogSweep, Third Man"
Ewan Ross,Lower Order,16,197,207,13,15.15,95.17,13,6,0,0,90,43.48%,44.67%,10.89,2.3,15.92,18.27%,34.5,57.98,"On Stumps, In Swing, Drive, Slog, Mid Wicket, Long On","Backs Away, Leg Break, Hook, Point, Third Man"
Shaw Graham,Middle Order,12,246,207,11,22.36,118.84,19,8,1,0,75,36.23%,50.41%,7.67,2.76,18.82,19.51%,25.88,67.78,"Full Toss, Front Foot, Right-arm, Seam Away, Long On","Back of Length, On Stumps, Hook, Mid Wicket"
Jack Cochrane,Middle Order,13,269,207,13,20.69,129.95,21,13,3,0,77,37.20%,60.22%,6.09,2.69,15.92,29.00%,15.92,61.85,"Yorker, Left-arm, Drive, Mid Wicket","Down The Track, Googly, Leg Break, SlogSweep, Point"
Roderick Balfour,Power-Hitter,21,315,207,10,31.5,152.17,24,18,1,0,67,32.37%,64.76%,4.93,3.09,20.7,34.29%,11.5,67.27,"Length Delivery, Front Foot, Drive, Pull, Covers, Fine Leg","Backs Away, Right-arm, Googly, Seam Away, SlogSweep"
Gordon Milne,Top-Order,15,343,207,9,38.11,165.7,21,25,3,0,57,27.54%,68.22%,4.5,3.63,23.0,43.73%,8.28,67.7,"Full Toss, Down The Track, Front Foot, In Swing, Pull, Fine Leg","Outside Off, Backs Away, Right-arm, Seam Away, SlogSweep, Third Man"
Connor Campbell,Middle Order,12,172,206,11,15.64,83.5,16,1,1,0,109,52.91%,40.70%,12.12,1.89,18.73,3.49%,206.0,53.97,"Wide Off, Right-arm, Googly, Cut, Point","Front Foot, Flick, Hook, Long Off"
Lewis Clark,Lower Order,13,153,206,9,17.0,74.27,14,3,0,0,123,59.71%,48.37%,12.12,1.67,22.89,11.76%,68.67,41.8,"Wide Off, Cut, Sweep, Point","Half Volley, Drive, Hook, Mid Wicket"
Fraser Brown,Middle Order,13,281,206,13,21.62,136.41,34,7,1,0,75,36.41%,63.35%,5.02,2.75,15.85,14.95%,29.43,62.42,"Half Volley, Slower Ball, Flick, SlogSweep, Fine Leg","Wide Off, Backs Away, Googly, Third Man"
Findlay Skene,Middle Order,13,279,206,11,25.36,135.44,23,10,1,0,70,33.98%,54.48%,6.24,2.94,18.73,21.51%,20.6,73.41,"Length Delivery, Outside Leg, Moves Front, Fine Leg","Back of Length, Outside Off, Back Foot, Long Off"
Stuart MacMillan,Lower Order,17,179,205,17,10.53,87.32,17,1,0,0,105,51.22%,41.34%,11.39,1.95,12.06,3.35%,205.0,56.15,"Length Delivery, On Stumps, In Swing, Out Swing","Back of Length, Back Foot, Googly, Point"
Harris Craig,Power-Hitter,15,223,205,12,18.58,108.78,22,9,0,0,102,49.76%,63.68%,6.61,2.01,17.08,24.22%,22.78,46.55,"Yorker, Outside Off, Moves Front, SlogSweep, Mid Wicket","Backs Away, Off Cutter, Slower Ball, Hook, Sweep"
Kentigern Innes,Power-Hitter,15,221,205,15,14.73,107.8,18,9,0,0,96,46.83%,57.01%,7.59,2.14,13.67,24.43%,22.78,53.37,"Moves Front, Off Cutter, Slog, SlogSweep, Mid Wicket, Long On","Yorker, Wide Off, Backs Away, Cut, Covers, Third Man"
Hugh Lyall,Power-Hitter,17,314,205,14,22.43,153.17,37,13,1,0,24,11.71%,71.97%,4.1,8.54,14.64,24.84%,15.77,56.77,"Yorker, Slower Ball, Pull, Long Off","Outside Leg, Outside Off, Front Foot, Off Break, Covers"
Gordon Napier,Lower Order,20,288,205,16,18.0,140.49,24,13,2,0,46,22.44%,60.42%,5.54,4.46,12.81,27.08%,15.77,67.86,"Short Length, Moves Front, Slower Ball, Slog, Mid Wicket","Outside Off, Seam Away, Drive, Square Leg, Third Man"
Hamish Nicolson,Top-Order,7,278,205,6,46.33,135.61,24,13,4,0,18,8.78%,62.59%,5.54,11.39,34.17,28.06%,15.77,61.9,"Full Toss, Back Foot, Googly, Out Swing","Yorker, Left-arm, Off Break, Slower Ball"
Kenneth MacDonald,Top-Order,11,267,205,11,24.27,130.24,25,13,1,0,86,41.95%,66.67%,5.39,2.38,18.64,29.21%,15.77,53.29,"Full Toss, Front Foot, Drive, Slog","Moves Front, Leg Break, Out Swing, Hook"
Alban Fyfe,Top-Order,9,375,205,6,62.5,182.93,25,31,3,0,73,35.61%,76.27%,3.66,2.81,34.17,49.60%,6.61,59.73,"Outside Off, Drive, Mid Wicket, Long Off","Moves Front, Googly, Hook, Sweep"
William Wallace,Middle Order,12,282,204,11,25.64,138.24,32,6,0,1,72,35.29%,58.16%,5.37,2.83,18.55,12.77%,34.0,71.08,"Back of Length, Length Delivery, On Stumps, Drive, Mid Wicket, Long On","Outside Leg, Backs Away, Googly, Out Swing"
Torquil Fyfe,Top-Order,10,250,204,9,27.78,122.55,23,10,2,0,92,45.10%,60.80%,6.18,2.22,22.67,24.00%,20.4,57.31,"Full Toss, Drive, Pull, Square Leg, Third Man","Outside Off, In Swing, Off Cutter, Point, Fine Leg"
Sandy Sinclair,Top-Order,8,246,204,7,35.14,120.59,12,11,2,0,79,38.73%,46.34%,8.87,2.58,29.14,26.83%,18.55,72.93,"Googly, SlogSweep, Square Leg, Fine Leg","Length Delivery, Outside Off, Right-arm, Cut, Covers"
Calum MacFarlane,Top-Order,8,242,204,5,48.4,118.63,24,12,1,0,100,49.02%,69.42%,5.67,2.04,40.8,29.75%,17.0,44.05,"Yorker, Down The Track, Slower Ball, Long Off","Half Volley, Wide Off, Right-arm, Third Man"
Norman Melville,Middle Order,14,327,204,14,23.36,160.29,25,25,1,1,83,40.69%,76.45%,4.08,2.46,14.57,45.87%,8.16,50.0,"Back of Length, Full Toss, On Stumps, Off Cutter, Slog, Mid Wicket, Long On","Half Volley, Wide Off, Left-arm, Seam Away, Covers"
Stewart MacRae,Lower Order,19,237,203,17,13.94,116.75,15,12,1,0,93,45.81%,55.70%,7.52,2.18,11.94,30.38%,16.92,59.66,"Back of Length, Wide Off, Back Foot, Backs Away, Cut, Point, Third Man","On Stumps, In Swing, Off Break, Slog, SlogSweep, Long Off"
Magnus Maitland,Middle Order,12,217,202,12,18.08,107.43,23,4,2,0,84,41.58%,53.46%,7.48,2.4,16.83,11.06%,50.5,57.71,"Back of Length, Out Swing, Flick, Hook","Wide Off, Off Cutter, Seam Away, SlogSweep"
Alban Barclay,Top-Order,9,258,202,7,36.86,127.72,29,7,1,1,78,38.61%,61.24%,5.61,2.59,28.86,16.28%,28.86,60.24,"Half Volley, Front Foot, Drive, Covers","Short Length, On Stumps, Off Break, Cut, Sweep"
Euan Donaldson,Power-Hitter,14,247,202,12,20.58,122.28,18,9,0,0,61,30.20%,51.01%,7.48,3.31,16.83,21.86%,22.44,69.14,"On Stumps, Wide Off, Slower Ball, Square Leg","Yorker, Outside Leg, Leg Break, Fine Leg"
Davie Burnett,Power-Hitter,18,281,202,17,16.53,139.11,25,11,0,0,75,37.13%,59.07%,5.61,2.69,11.88,23.49%,18.36,69.28,"Length Delivery, Moves Front, SlogSweep, Sweep, Square Leg","Outside Off, Seam Away, Slog, Point"
Jamie MacAulay,Top-Order,10,230,201,8,28.75,114.43,17,9,1,0,79,39.30%,53.04%,7.73,2.54,25.13,23.48%,22.33,61.71,"Back of Length, Yorker, Down The Track, Covers","Full Toss, Outside Leg, Seam Away, Sweep"
Lennox Maxwell,Power-Hitter,14,219,201,14,15.64,108.96,14,10,1,0,84,41.79%,52.97%,8.38,2.39,14.36,27.40%,20.1,58.19,"Short Length, Off Cutter, Cut, Pull","Backs Away, Googly, Leg Break, Drive, Long Off"
Fergus Wishart,Middle Order,14,311,201,11,28.27,154.73,26,16,2,0,65,32.34%,64.31%,4.79,3.09,18.27,30.87%,12.56,69.81,"Back of Length, Short Length, Hook, Sweep, Square Leg, Mid Wicket","Yorker, Outside Off, Down The Track, Out Swing, Seam Away, Covers"
Logan MacAulay,Power-Hitter,14,310,201,14,22.14,154.23,34,17,2,0,81,40.30%,76.77%,3.94,2.48,14.36,32.90%,11.82,48.0,"Outside Off, Wide Off, Flick, Mid Wicket","Down The Track, Right-arm, Googly, Long On"
Neil Elliot,Power-Hitter,19,443,201,15,29.53,220.4,19,45,2,0,63,31.34%,78.10%,3.14,3.19,13.4,60.95%,4.47,70.8,"Off Break, Cut, SlogSweep, Mid Wicket","Length Delivery, Front Foot, Drive, Covers"
Bruce MacDonald,Power-Hitter,15,289,200,10,28.9,144.5,21,13,1,0,65,32.50%,56.06%,5.88,3.08,20.0,26.99%,15.38,76.51,"Length Delivery, Down The Track, Moves Front, Flick, Pull","Outside Off, Seam Away, Cut, Point, Third Man"
Graeme Paterson,Middle Order,11,295,200,11,26.82,147.5,23,21,1,0,85,42.50%,73.90%,4.55,2.35,18.18,42.71%,9.52,49.36,"Full Toss, On Stumps, Outside Leg, Moves Front","Down The Track, Right-arm, Leg Break, Off Break"
Bruce Brown,Top-Order,7,261,199,6,43.5,131.16,29,5,1,0,38,19.10%,55.94%,5.85,5.24,33.17,11.49%,39.8,69.7,"Moves Front, Off Break, Cut, Sweep","Short Length, Hook, Square Leg, Long Off"
Fergus Muir,Top-Order,9,242,199,8,30.25,121.61,26,7,1,0,14,7.04%,60.33%,6.03,14.21,24.88,17.36%,28.43,57.83,"Full Toss, Off Cutter, Drive, Mid Wicket, Third Man","Outside Leg, Front Foot, Googly, Sweep"
Murdo Reid,Top-Order,10,349,199,10,34.9,175.38,30,21,2,0,17,8.54%,70.49%,3.9,11.71,19.9,36.10%,9.48,69.59,"Full Toss, Outside Off, Googly, Off Cutter, Long On","Short Length, Moves Front, Right-arm, SlogSweep"
Rabbie MacLaren,Top-Order,5,395,199,4,98.75,198.49,30,30,3,1,56,28.14%,75.95%,3.32,3.55,49.75,45.57%,6.63,68.35,"In Swing, Seam Away, Hook, Third Man","Leg Break, Off Cutter, Sweep, Long Off"
Gavin Baird,Lower Order,24,252,198,16,15.75,127.27,19,9,0,0,70,35.35%,51.59%,7.07,2.83,12.38,21.43%,22.0,71.76,"Wide Off, Back Foot, Backs Away, Googly, Covers","On Stumps, Slower Ball, Slog, Fine Leg, Long Off"
Blair Moffat,Middle Order,14,266,198,11,24.18,134.34,28,10,2,0,71,35.86%,64.66%,5.21,2.79,18.0,22.56%,19.8,58.75,"On Stumps, Outside Off, Slower Ball, Hook, Covers","Yorker, Googly, Pull, Fine Leg"
Ewan Robertson,Middle Order,16,281,198,13,21.62,141.92,18,14,2,0,57,28.79%,55.52%,6.19,3.47,15.23,29.89%,14.14,75.3,"Back of Length, On Stumps, Off Break, Off Cutter, Sweep, Square Leg","Front Foot, Right-arm, Seam Away, Drive, Hook"
Shaw Moncrieff,Lower Order,15,163,197,12,13.58,82.74,13,1,0,0,103,52.28%,35.58%,14.07,1.91,16.42,3.68%,197.0,57.38,"Outside Leg, Back Foot, Left-arm, Square Leg","Leg Break, Drive, Mid Wicket, Long Off"
Lennox Leask,Top-Order,8,177,197,8,22.12,89.85,17,4,0,0,103,52.28%,51.98%,9.38,1.91,24.63,13.56%,49.25,48.3,"On Stumps, Front Foot, In Swing, Out Swing, Cut","Googly, Off Break, Sweep, Long Off"
Dougal Bruce,Lower Order,17,191,197,16,11.94,96.95,16,5,0,0,95,48.22%,49.21%,9.38,2.07,12.31,15.71%,39.4,55.11,"Back of Length, On Stumps, Down The Track, Moves Front, Left-arm, Long On","Wide Off, Backs Away, Front Foot, Right-arm, Out Swing, Hook, Third Man"
Campbell Marshall,Middle Order,11,230,197,11,20.91,116.75,15,8,1,0,74,37.56%,46.96%,8.57,2.66,17.91,20.87%,24.63,70.11,"Length Delivery, Back Foot, Down The Track, Off Cutter, Square Leg","Full Toss, Wide Off, Backs Away, Right-arm, Out Swing, Third Man"
Rabbie Moncrieff,Top-Order,9,242,196,9,26.89,123.47,26,5,2,0,77,39.29%,55.37%,6.32,2.55,21.78,12.40%,39.2,65.45,"Length Delivery, Outside Leg, Wide Off, Googly","Back of Length, Half Volley, Pull, Mid Wicket"
Drew Ferguson,Power-Hitter,14,242,196,11,22.0,123.47,20,9,0,0,76,38.78%,55.37%,6.76,2.58,17.82,22.31%,21.78,64.67,"Wide Off, Slower Ball, Cut, Sweep, Long Off","Length Delivery, Yorker, Moves Front, Right-arm, Googly"
Robert Fyfe,Middle Order,10,237,196,8,29.62,120.92,17,9,0,0,22,11.22%,51.48%,7.54,8.91,24.5,22.78%,21.78,67.65,"Down The Track, Left-arm, Off Break, Flick, Hook","Back of Length, Wide Off, Right-arm, Off Cutter"
Aiden MacPherson,Power-Hitter,16,287,196,16,17.94,146.43,35,11,2,0,52,26.53%,71.78%,4.26,3.77,12.25,23.00%,17.82,54.0,"Short Length, Moves Front, Cut, SlogSweep, Long On","Backs Away, Right-arm, Googly, Out Swing, Long Off"
Sandy Ross,Middle Order,13,300,196,11,27.27,153.06,24,15,1,0,63,32.14%,62.00%,5.03,3.11,17.82,30.00%,13.07,72.61,"Wide Off, Back Foot, Off Break, Pull, Sweep","Full Toss, Yorker, Moves Front, Long Off"
Rory Reid,Top-Order,11,218,195,7,31.14,111.79,19,5,1,0,73,37.44%,48.62%,8.13,2.67,27.86,13.76%,39.0,65.5,"On Stumps, Out Swing, Pull, Covers","Leg Break, Seam Away, SlogSweep, Point"
Ross MacGill,Lower Order,13,178,195,11,16.18,91.28,22,6,1,0,117,60.00%,69.66%,6.96,1.67,17.73,20.22%,32.5,32.34,"Short Length, Flick, Slog, Point, Mid Wicket","Half Volley, Outside Off, Out Swing, Drive, Square Leg, Covers"
Alistair MacLean,Lower Order,21,276,194,16,17.25,142.27,20,17,1,0,80,41.24%,65.94%,5.24,2.43,12.13,36.96%,11.41,59.87,"On Stumps, Googly, In Swing, SlogSweep, Point, Long On","Half Volley, Right-arm, Out Swing, Seam Away, Long Off, Third Man"
Cailean Geddes,Power-Hitter,20,301,194,15,20.07,155.15,19,19,0,0,46,23.71%,63.12%,5.11,4.22,12.93,37.87%,10.21,71.15,"On Stumps, Down The Track, Slower Ball, Slog, Long On","Back of Length, Half Volley, Backs Away, Front Foot, Right-arm, In Swing"
Connor Leask,Lower Order,13,188,193,8,23.5,97.41,12,3,0,0,71,36.79%,35.11%,12.87,2.72,24.13,9.57%,64.33,68.54,"Front Foot, Leg Break, Out Swing, Flick, Covers","Back of Length, Short Length, Backs Away, Googly, Cut, Hook"
Stuart Shaw,Middle Order,10,183,193,8,22.88,94.82,15,3,0,0,89,46.11%,42.62%,10.72,2.17,24.13,9.84%,64.33,60.0,"Outside Off, Googly, Leg Break, Covers","On Stumps, Off Break, Seam Away, Slog, Square Leg"
Alban MacLennan,Middle Order,10,235,193,9,26.11,121.76,23,4,2,0,60,31.09%,49.36%,7.15,3.22,21.44,10.21%,48.25,71.69,"Yorker, Off Cutter, Out Swing, Point","Short Length, Outside Leg, Hook, Slog"
Murdo MacAlister,Power-Hitter,26,320,193,12,26.67,165.8,26,13,1,0,24,12.44%,56.88%,4.95,8.04,16.08,24.38%,14.85,89.61,"Full Toss, On Stumps, Down The Track, Hook, Slog, Long On","Back of Length, Yorker, Outside Leg, Front Foot, Off Cutter, Out Swing"
Callum Jardine,Top-Order,11,336,193,7,48.0,174.09,29,20,2,0,59,30.57%,70.24%,3.94,3.27,27.57,35.71%,9.65,69.44,"Out Swing, Flick, Mid Wicket, Third Man","Wide Off, Down The Track, Googly, Leg Break, Long Off"
Ranald Logan,Middle Order,10,171,192,8,21.38,89.06,14,0,1,0,83,43.23%,32.75%,13.71,2.31,24.0,0.00%,,64.61,"Full Toss, Length Delivery, Slower Ball, Flick, Slog","Half Volley, Short Length, Back Foot, Right-arm, Out Swing, Seam Away"
Robbie Montgomery,Lower Order,15,180,192,13,13.85,93.75,10,5,1,0,84,43.75%,38.89%,12.8,2.29,14.77,16.67%,38.4,62.15,"Back of Length, Backs Away, Slog, SlogSweep, Mid Wicket","Yorker, Outside Off, Front Foot, Out Swing, Drive"
Davie Greig,Top-Order,9,244,192,7,34.86,127.08,22,8,2,0,15,7.81%,55.74%,6.4,12.8,27.43,19.67%,24.0,66.67,"Short Length, On Stumps, Front Foot, Drive","Down The Track, Moves Front, Googly, Slower Ball, Slog"
Niall Buchan,Power-Hitter,12,271,192,11,24.64,141.15,22,15,2,0,76,39.58%,65.68%,5.19,2.53,17.45,33.21%,12.8,60.0,"Front Foot, Moves Front, Out Swing, Slog, Covers, Mid Wicket","Backs Away, Leg Break, Point, Third Man"
Robert Muir,Lower Order,28,267,192,17,15.71,139.06,15,15,0,0,68,35.42%,56.18%,6.4,2.82,11.29,33.71%,12.8,72.22,"Front Foot, Slower Ball, Hook, Slog, Mid Wicket","Outside Off, Backs Away, Googly, Leg Break"
Arran Farquharson,Middle Order,11,242,192,10,24.2,126.04,17,17,3,0,90,46.88%,70.25%,5.65,2.13,19.2,42.15%,11.29,45.57,"Half Volley, Yorker, Outside Leg, Off Cutter, Mid Wicket, Long Off","Length Delivery, Outside Off, Wide Off, Back Foot, Seam Away, Cut, Point"
Logan Cunningham,Middle Order,11,199,191,11,18.09,104.19,25,3,1,0,101,52.88%,59.30%,6.82,1.89,17.36,9.05%,63.67,49.69,"Yorker, Wide Off, Pull, Mid Wicket","Down The Track, Leg Break, Out Swing, Long Off"
Fergus Baird,Lower Order,17,257,191,11,23.36,134.55,24,6,1,0,60,31.41%,51.36%,6.37,3.18,17.36,14.01%,31.83,77.64,"Yorker, Wide Off, Right-arm, Fine Leg","Out Swing, Slower Ball, Hook, Long On"
Ranald MacInnes,Power-Hitter,26,289,191,15,19.27,151.31,26,15,1,0,65,34.03%,67.13%,4.66,2.94,12.73,31.14%,12.73,63.33,"Yorker, On Stumps, Off Break, Out Swing, Slog, Long On","Back of Length, Backs Away, Left-arm, Seam Away, Cut, Point"
Angus Oliphant,Middle Order,13,305,191,10,30.5,159.69,19,27,1,0,90,47.12%,78.03%,4.15,2.12,19.1,53.11%,7.07,46.21,"Back of Length, Off Cutter, Sweep, Square Leg","Half Volley, Backs Away, Drive, Slog"
Murdo Dewar,Lower Order,17,200,190,14,14.29,105.26,18,2,0,0,71,37.37%,42.00%,9.5,2.68,13.57,6.00%,95.0,68.24,"In Swing, Leg Break, Flick, Fine Leg","Right-arm, Cut, Drive, Square Leg"
Leslie Cameron,Middle Order,13,234,190,13,18.0,123.16,28,4,1,0,65,34.21%,58.12%,5.94,2.92,14.62,10.26%,47.5,62.03,"Right-arm, SlogSweep, Square Leg, Long On","Short Length, Left-arm, In Swing, Cut"
Finn Mitchell,Middle Order,10,236,190,10,23.6,124.21,19,10,1,0,74,38.95%,57.63%,6.55,2.57,19.0,25.42%,19.0,62.11,"Full Toss, Yorker, Leg Break, Flick, Square Leg","Short Length, Moves Front, Cut, Covers, Third Man"
Dougal MacQuarrie,Middle Order,12,341,190,12,28.42,179.47,30,25,3,0,78,41.05%,79.18%,3.45,2.44,15.83,43.99%,7.6,52.59,"Short Length, Back Foot, Down The Track, Pull, Point","Full Toss, Half Volley, In Swing, Drive, Flick"
Angus Cumming,Lower Order,13,207,189,12,17.25,109.52,26,2,0,0,89,47.09%,56.04%,6.75,2.12,15.75,5.80%,94.5,56.52,"Outside Off, Right-arm, Seam Away, Sweep","Yorker, Moves Front, Flick, Long On"
Alistair MacRae,Power-Hitter,22,285,189,17,16.76,150.79,21,16,0,0,57,30.16%,63.16%,5.11,3.32,11.12,33.68%,11.81,69.08,"Down The Track, Front Foot, Drive, Slog, Point, Long Off","Backs Away, Moves Front, Off Cutter, SlogSweep"
Archie Murray,Middle Order,13,221,189,8,27.62,116.93,13,13,0,0,77,40.74%,58.82%,7.27,2.45,23.63,35.29%,14.54,55.83,"On Stumps, Flick, Slog, Square Leg","Leg Break, Seam Away, Cut, Long Off"
Ramsay Bruce,Power-Hitter,11,201,188,9,22.33,106.91,11,7,1,0,67,35.64%,42.79%,10.44,2.81,20.89,20.90%,26.86,67.65,"Leg Break, SlogSweep, Sweep, Long On","Wide Off, Off Cutter, Hook, Third Man"
Iain Cumming,Lower Order,15,216,188,12,18.0,114.89,14,14,0,0,91,48.40%,64.81%,6.71,2.07,15.67,38.89%,13.43,47.5,"Backs Away, Slower Ball, Hook, Long On, Third Man","Full Toss, Front Foot, Flick, SlogSweep, Covers"
Ramsay Chisholm,Power-Hitter,13,201,187,13,15.46,107.49,21,3,1,0,84,44.92%,50.75%,7.79,2.23,14.38,8.96%,62.33,60.74,"Half Volley, Yorker, Wide Off, Sweep","Down The Track, Googly, Slog, Long On"
Cailean Laing,Top-Order,11,253,187,10,25.3,135.29,35,7,2,0,83,44.39%,71.94%,4.45,2.25,18.7,16.60%,26.71,48.97,"Front Foot, Hook, SlogSweep, Fine Leg","Back of Length, On Stumps, Seam Away, Pull"
Iain Bell,Power-Hitter,13,285,187,13,21.92,152.41,37,12,2,0,81,43.32%,77.19%,3.82,2.31,14.38,25.26%,15.58,47.1,"Short Length, Out Swing, Pull, Square Leg, Mid Wicket","Down The Track, Googly, Off Cutter, Slog"
Blair Carmichael,Top-Order,7,283,187,7,40.43,151.34,28,13,2,0,27,14.44%,67.14%,4.56,6.93,26.71,27.56%,14.38,63.7,"Half Volley, Outside Off, In Swing, Covers","Moves Front, Off Cutter, Slower Ball, Square Leg"
Christopher MacRae,Lower Order,15,229,186,12,19.08,123.12,22,5,1,0,63,33.87%,51.53%,6.89,2.95,15.5,13.10%,37.2,69.81,"Yorker, On Stumps, Wide Off, Drive, Square Leg","Down The Track, Moves Front, Right-arm, Off Break, Out Swing"
Innes Irvine,Top-Order,7,234,186,6,39.0,125.81,22,8,2,0,74,39.78%,58.12%,6.2,2.51,31.0,20.51%,23.25,62.82,"Outside Off, Out Swing, Seam Away, Cut, Covers","Leg Break, Sweep, Square Leg, Fine Leg"
Blair Young,Middle Order,9,203,186,7,29.0,109.14,14,8,1,0,76,40.86%,51.23%,8.45,2.45,26.57,23.65%,23.25,60.37,"Length Delivery, Moves Front, Seam Away, Flick, Slog, Point","Short Length, Outside Leg, Out Swing, Pull, Sweep, Long Off"
Kieran Thomson,Middle Order,10,320,186,9,35.56,172.04,35,17,3,0,27,14.52%,75.63%,3.58,6.89,20.67,31.88%,10.94,58.21,"Outside Off, Back Foot, Seam Away, Square Leg","Outside Leg, Backs Away, Down The Track, Leg Break"
Gregor Oliphant,Top-Order,11,284,186,11,25.82,152.69,28,16,1,0,36,19.35%,73.24%,4.23,5.17,16.91,33.80%,11.63,53.52,"Half Volley, Short Length, Hook, Point, Fine Leg","Down The Track, Googly, Long Off, Third Man"
Douglas MacLennan,Lower Order,15,133,185,13,10.23,71.89,8,2,0,0,105,56.76%,33.08%,18.5,1.76,14.23,9.02%,92.5,50.86,"Outside Off, Right-arm, Seam Away, Drive, Point","On Stumps, Googly, In Swing, Hook, Sweep, Fine Leg"
Campbell MacTaggart,Power-Hitter,22,268,185,14,19.14,144.86,23,14,0,0,52,28.11%,65.67%,5.0,3.56,13.21,31.34%,13.21,62.16,"Short Length, Outside Leg, Back Foot, Front Foot, Off Break, Hook, Square Leg","Outside Off, Wide Off, Right-arm, Googly, Seam Away, Third Man"
Mungo Somerville,Top-Order,9,210,184,7,30.0,114.13,16,3,2,0,64,34.78%,39.05%,9.68,2.88,26.29,8.57%,61.33,77.58,"Outside Off, Wide Off, Seam Away, Point","Off Cutter, Pull, SlogSweep, Mid Wicket"
Robbie MacFarlane,Top-Order,10,347,184,8,43.38,188.59,45,14,2,1,59,32.07%,76.08%,3.12,3.12,23.0,24.21%,13.14,66.4,"On Stumps, Back Foot, Flick, Point","Down The Track, Off Break, Out Swing, SlogSweep"
Farquhar Wardlaw,Top-Order,8,193,184,8,24.12,104.89,16,8,0,0,67,36.41%,58.03%,7.67,2.75,23.0,24.87%,23.0,50.63,"Length Delivery, Front Foot, Slog, Fine Leg","Outside Leg, Right-arm, Sweep, Square Leg"
Douglas Sloan,Middle Order,11,270,184,8,33.75,146.74,21,14,2,0,63,34.24%,62.22%,5.26,2.92,23.0,31.11%,13.14,68.46,"Length Delivery, Back Foot, Down The Track, Flick, Mid Wicket","Half Volley, Outside Off, Wide Off, Out Swing, Long On"
Alec MacEwan,Middle Order,11,192,183,10,19.2,104.92,25,1,1,0,31,16.94%,55.21%,7.04,5.9,18.3,3.13%,183.0,54.78,"Half Volley, Yorker, Drive, Covers","Short Length, Seam Away, Mid Wicket, Third Man"
Charlie Young,Lower Order,12,165,183,10,16.5,90.16,9,3,0,0,89,48.63%,32.73%,15.25,2.06,18.3,10.91%,61.0,64.91,"Half Volley, Moves Front, Right-arm, Fine Leg","Short Length, Back Foot, Off Cutter, Pull, Mid Wicket"
Ross Purves,Lower Order,17,168,183,7,24.0,91.8,9,6,0,0,81,44.26%,42.86%,12.2,2.26,26.14,21.43%,30.5,57.14,"Outside Off, Left-arm, Seam Away, SlogSweep, Square Leg","Length Delivery, Googly, Covers, Fine Leg"
Kyle MacMillan,Lower Order,21,220,182,17,12.94,120.88,14,9,0,0,78,42.86%,50.00%,7.91,2.33,10.71,24.55%,20.22,69.18,"Back Foot, Moves Front, Left-arm, Covers, Mid Wicket","Yorker, Googly, Leg Break, Sweep"
Findlay Blackwood,Lower Order,14,198,182,13,15.23,108.79,24,9,1,0,106,58.24%,75.76%,5.52,1.72,14.0,27.27%,20.22,32.21,"Full Toss, Outside Off, Right-arm, Covers","Back of Length, Googly, Off Cutter, Long Off"
Ranald Bannerman,Power-Hitter,14,234,181,12,19.5,129.28,13,11,1,0,69,38.12%,50.43%,7.54,2.62,15.08,28.21%,16.45,73.89,"Down The Track, Googly, SlogSweep, Square Leg","Yorker, Outside Off, Wide Off, Front Foot"
Iain Farquharson,Middle Order,12,228,181,10,22.8,125.97,14,15,1,0,81,44.75%,64.04%,6.24,2.23,18.1,39.47%,12.07,53.95,"On Stumps, Down The Track, Left-arm, Pull, Long Off","Outside Leg, Wide Off, Cut, Third Man"
Connor MacInnes,Middle Order,14,287,181,13,22.08,158.56,19,20,1,0,54,29.83%,68.29%,4.64,3.35,13.92,41.81%,9.05,64.08,"On Stumps, Off Break, Slog, SlogSweep, Long On","Yorker, Outside Off, Front Foot, Third Man"
Ramsay Colquhoun,Middle Order,11,190,180,9,21.11,105.56,14,7,0,0,78,43.33%,51.58%,8.57,2.31,20.0,22.11%,25.71,57.86,"Moves Front, Leg Break, Slower Ball, Sweep","Left-arm, Seam Away, Cut, Third Man"
Dugald Ferguson,Top-Order,7,261,180,7,37.29,145.0,25,11,2,0,18,10.00%,63.60%,5.0,10.0,25.71,25.29%,16.36,65.97,"Back of Length, Outside Off, Point, Covers","On Stumps, Googly, Slog, SlogSweep"
Ruaridh Currie,Lower Order,19,216,179,16,13.5,120.67,22,8,0,0,40,22.35%,62.96%,5.97,4.48,11.19,22.22%,22.38,53.69,"Front Foot, Moves Front, Off Break, Drive, Square Leg","Backs Away, Right-arm, Seam Away, Slower Ball, Hook, Third Man"
Roderick Fyfe,Middle Order,10,251,179,10,25.1,140.22,22,11,2,0,8,4.47%,61.35%,5.42,22.38,17.9,26.29%,16.27,66.44,"Back of Length, Moves Front, Pull, Mid Wicket","Yorker, Wide Off, Seam Away, Drive"
Rabbie Brodie,Top-Order,9,199,179,8,24.88,111.17,14,10,2,0,83,46.37%,58.29%,7.46,2.16,22.38,30.15%,17.9,53.55,"Length Delivery, Short Length, On Stumps, Cut","Half Volley, Yorker, Outside Leg, Off Break"
Donald Inglis,Lower Order,11,136,178,11,12.36,76.4,9,3,0,0,97,54.49%,39.71%,14.83,1.84,16.18,13.24%,59.33,49.4,"Wide Off, Backs Away, Down The Track, Third Man","Length Delivery, On Stumps, Front Foot, In Swing"
Roy Inglis,Power-Hitter,15,234,178,14,16.71,131.46,30,8,1,0,77,43.26%,71.79%,4.68,2.31,12.71,20.51%,22.25,47.14,"Wide Off, Drive, SlogSweep, Long Off, Long On","Short Length, Left-arm, Googly, In Swing, Flick"
Douglas Buchan,Lower Order,14,209,178,14,14.93,117.42,13,10,0,0,70,39.33%,53.59%,7.74,2.54,12.71,28.71%,17.8,62.58,"Length Delivery, Wide Off, Drive, SlogSweep, Covers","Short Length, On Stumps, Googly, In Swing"
Kenneth MacIntyre,Lower Order,12,156,177,11,14.18,88.14,10,2,0,0,79,44.63%,33.33%,14.75,2.24,16.09,7.69%,88.5,63.03,"Length Delivery, Front Foot, Out Swing, Hook, Third Man","Googly, Slower Ball, Pull, Mid Wicket"
Kieran Baird,Middle Order,9,178,177,9,19.78,100.56,13,3,0,0,76,42.94%,39.33%,11.06,2.33,19.67,10.11%,59.0,67.08,"Length Delivery, On Stumps, Front Foot, Flick","Wide Off, Seam Away, Cut, Third Man"
Lachlan Baird,Lower Order,31,130,177,17,7.65,73.45,10,3,0,0,99,55.93%,44.62%,13.62,1.79,10.41,13.85%,59.0,43.9,"Outside Leg, Left-arm, Flick, Square Leg, Mid Wicket","Down The Track, Out Swing, Covers, Third Man"
Graeme MacBeth,Lower Order,11,189,177,11,17.18,106.78,10,6,1,0,64,36.16%,40.21%,11.06,2.77,16.09,19.05%,29.5,70.19,"Outside Off, Wide Off, Out Swing, Third Man","Short Length, On Stumps, In Swing, Sweep"
Connor Wallace,Power-Hitter,16,250,177,14,17.86,141.24,13,19,1,0,69,38.98%,66.40%,5.53,2.57,12.64,45.60%,9.32,57.93,"Short Length, On Stumps, Off Cutter, Slog","Outside Off, Backs Away, Drive, Third Man"
Murray Forbes,Lower Order,18,197,176,12,16.42,111.93,17,2,1,0,63,35.80%,40.61%,9.26,2.79,14.67,6.09%,88.0,74.52,"Back of Length, On Stumps, Moves Front, Mid Wicket, Long On","Wide Off, Right-arm, Seam Away, Fine Leg"
Dougal MacDonald,Top-Order,4,184,176,4,46.0,104.55,15,3,1,0,64,36.36%,42.39%,9.78,2.75,44.0,9.78%,58.67,67.09,"Outside Off, Backs Away, Front Foot, Covers","Back of Length, Leg Break, SlogSweep, Mid Wicket"
Magnus Leslie,Power-Hitter,12,247,176,12,20.58,140.34,22,11,1,0,59,33.52%,62.35%,5.33,2.98,14.67,26.72%,16.0,65.03,"Full Toss, Left-arm, Pull, Mid Wicket","Down The Track, Out Swing, Long Off, Third Man"
Kieran Matheson,Top-Order,9,236,176,7,33.71,134.09,20,12,2,0,73,41.48%,64.41%,5.5,2.41,25.14,30.51%,14.67,58.33,"On Stumps, Flick, Slog, Fine Leg","Back of Length, Googly, Out Swing, Long Off"
Archibald Ogilvie,Power-Hitter,18,227,176,17,13.35,128.98,14,13,0,0,70,39.77%,59.03%,6.52,2.51,10.35,34.36%,13.54,62.42,"Back of Length, Full Toss, Back Foot, Off Cutter, Hook, Slog, Square Leg","Length Delivery, Wide Off, Down The Track, Front Foot, Covers, Long Off"
Hugh Mitchell,Power-Hitter,17,392,176,16,24.5,222.73,28,38,1,1,38,21.59%,86.73%,2.67,4.63,11.0,58.16%,4.63,47.27,"Short Length, Back Foot, Front Foot, Seam Away, Pull, Mid Wicket","Backs Away, Down The Track, In Swing, Slog, Sweep, Covers"
Leslie Matheson,Lower Order,12,181,175,12,15.08,103.43,15,2,1,0,72,41.14%,39.78%,10.29,2.43,14.58,6.63%,87.5,68.99,"Yorker, Front Foot, Moves Front, Point","Short Length, Off Cutter, Slower Ball, Hook, Pull, Third Man"
Christopher Wallace,Power-Hitter,11,230,175,10,23.0,131.43,23,5,0,0,18,10.29%,53.04%,6.25,9.72,17.5,13.04%,35.0,73.47,"Outside Off, Down The Track, In Swing, Cut, Long Off","Full Toss, Off Cutter, SlogSweep, Mid Wicket"
Craig Craig,Top-Order,7,275,175,2,137.5,157.14,26,9,2,0,25,14.29%,57.45%,5.0,7.0,87.5,19.64%,19.44,83.57,"Outside Off, Seam Away, Point, Long On","Outside Leg, Hook, Sweep, Fine Leg"
Charlie Shaw,Top-Order,7,266,175,6,44.33,152.0,27,11,1,1,32,18.29%,65.41%,4.61,5.47,29.17,24.81%,15.91,67.15,"Half Volley, Off Cutter, Out Swing, Cut, Covers","On Stumps, Left-arm, In Swing, Sweep"
Kenneth Roy,Power-Hitter,11,185,175,9,20.56,105.71,20,9,0,0,99,56.57%,72.43%,6.03,1.77,19.44,29.19%,19.44,34.93,"Outside Leg, Off Break, Pull, Mid Wicket, Long Off","Length Delivery, On Stumps, Drive, Covers"
Fergus Hendry,Lower Order,17,156,175,16,9.75,89.14,9,8,0,0,100,57.14%,53.85%,10.29,1.75,10.94,30.77%,21.88,45.57,"Full Toss, Down The Track, Slog, SlogSweep","Yorker, Outside Off, Front Foot, Out Swing"
Gregor Gray,Power-Hitter,10,228,175,10,22.8,130.29,10,16,1,0,80,45.71%,59.65%,6.73,2.19,17.5,42.11%,10.94,61.74,"Right-arm, Seam Away, Flick, Hook","Wide Off, Left-arm, Drive, Third Man"
Sean Wardlaw,Top-Order,8,262,175,6,43.67,149.71,9,20,2,0,64,36.57%,59.54%,6.03,2.73,29.17,45.80%,8.75,72.6,"Back of Length, Outside Off, Seam Away, Long Off","Outside Leg, Off Break, Out Swing, Sweep, Long On"
Roy Blackwood,Lower Order,15,92,174,14,6.57,52.87,4,0,0,0,106,60.92%,17.39%,43.5,1.64,12.43,0.00%,,44.71,"Yorker, Front Foot, Off Cutter, Slog","Outside Leg, Moves Front, Right-arm, Googly"
Cameron Menzies,Lower Order,10,153,174,9,17.0,87.93,12,1,1,0,81,46.55%,35.29%,13.38,2.15,19.33,3.92%,174.0,61.49,"Outside Off, Leg Break, Drive, Long Off","Short Length, Back Foot, Off Cutter, Pull"
Farquhar MacNab,Power-Hitter,11,225,174,9,25.0,129.31,23,7,0,0,66,37.93%,59.56%,5.8,2.64,19.33,18.67%,24.86,63.19,"Half Volley, Down The Track, Moves Front, SlogSweep","Short Length, Outside Off, In Swing, Fine Leg"
Colin MacIver,Lower Order,16,201,174,14,14.36,115.52,18,8,1,0,79,45.40%,59.70%,6.69,2.2,12.43,23.88%,21.75,54.73,"Back of Length, Wide Off, Point, Square Leg","Length Delivery, Moves Front, Off Break, Hook"
Archibald Bannerman,Power-Hitter,12,215,174,10,21.5,123.56,18,10,1,0,76,43.68%,61.40%,6.21,2.29,17.4,27.91%,17.4,56.85,"Full Toss, Outside Leg, Moves Front, Slog, Mid Wicket","Outside Off, Wide Off, Right-arm, Seam Away, Hook"
Brodie Napier,Top-Order,8,271,174,7,38.71,155.75,25,14,1,0,58,33.33%,67.90%,4.46,3.0,24.86,31.00%,12.43,64.44,"Outside Off, Front Foot, Out Swing, Drive, Long On","Short Length, Backs Away, Googly, Pull"
Sandy MacKay,Lower Order,10,136,173,9,15.11,78.61,7,2,0,0,84,48.55%,29.41%,19.22,2.06,19.22,8.82%,86.5,58.54,"Back Foot, Pull, Square Leg, Mid Wicket","Half Volley, Front Foot, Moves Front, Covers"
Sean Clark,Power-Hitter,14,240,173,12,20.0,138.73,21,16,2,0,82,47.40%,75.00%,4.68,2.11,14.42,40.00%,10.81,44.12,"Full Toss, Slog, Square Leg, Fine Leg","Half Volley, Yorker, Out Swing, Long Off"
Colin Munro,Power-Hitter,15,254,173,10,25.4,146.82,12,22,1,0,75,43.35%,70.87%,5.09,2.31,17.3,51.97%,7.86,53.24,"Googly, Slower Ball, SlogSweep, Mid Wicket","Wide Off, Cut, Point, Third Man"
Lennox Yuill,Power-Hitter,10,218,172,8,27.25,126.74,20,7,1,0,27,15.70%,55.96%,6.37,6.37,21.5,19.27%,24.57,66.21,"Short Length, Out Swing, Cut, Third Man","Length Delivery, In Swing, Off Break, SlogSweep"
Rory Galbraith,Lower Order,11,149,172,10,14.9,86.63,11,5,1,0,95,55.23%,49.66%,10.75,1.81,17.2,20.13%,34.4,48.08,"Length Delivery, Back Foot, Moves Front, In Swing, Fine Leg","Left-arm, Leg Break, Off Break, SlogSweep"
Lennox MacMillan,Lower Order,18,213,172,12,17.75,123.84,14,8,0,0,20,11.63%,48.83%,7.82,8.6,14.33,22.54%,21.5,72.67,"Back of Length, Half Volley, Back Foot, Pull, Point, Covers","In Swing, Flick, Long Off, Long On"
Ollie Wishart,Middle Order,11,250,172,10,25.0,145.35,23,10,3,0,59,34.30%,60.80%,5.21,2.92,17.2,24.00%,17.2,70.5,"Yorker, Backs Away, Moves Front, Off Cutter, Point, Long On","Short Length, Down The Track, Left-arm, In Swing, Pull, Long Off"
William Kerr,Power-Hitter,20,221,172,17,13.0,128.49,19,9,0,0,64,37.21%,58.82%,6.14,2.69,10.12,24.43%,19.11,63.19,"Down The Track, Moves Front, Sweep, Long Off, Long On","Short Length, Right-arm, Out Swing, Third Man"
Fergus Cumming,Power-Hitter,37,269,172,23,11.7,156.4,19,18,0,0,57,33.14%,68.40%,4.65,3.02,7.48,40.15%,9.56,62.96,"Back of Length, On Stumps, Outside Leg, Pull, Point, Long On","Half Volley, Yorker, Front Foot, Googly, In Swing, Covers, Long Off"
Archie Jardine,Middle Order,14,322,172,12,26.83,187.21,19,29,1,0,65,37.79%,77.64%,3.58,2.65,14.33,54.04%,5.93,58.06,"Outside Leg, Down The Track, Leg Break, Off Break, Slog, SlogSweep","Wide Off, In Swing, Seam Away, Cut, Point"
Bruce Wallace,Lower Order,19,151,171,16,9.44,88.3,10,1,0,0,71,41.52%,30.46%,15.55,2.41,10.69,3.97%,171.0,65.63,"Yorker, Outside Off, Off Break, Cut, Point","Length Delivery, On Stumps, In Swing, Out Swing"
Gordon Fraser,Middle Order,9,201,171,8,25.12,117.54,20,3,1,0,54,31.58%,48.76%,7.43,3.17,21.38,8.96%,57.0,69.59,"Outside Off, Wide Off, Googly, Flick","Back of Length, Short Length, Back Foot, Moves Front, Hook"
Connor Bell,Lower Order,13,171,171,10,17.1,100.0,18,3,0,0,81,47.37%,52.63%,8.14,2.11,17.1,10.53%,57.0,54.0,"On Stumps, Backs Away, Googly, Sweep","Half Volley, Short Length, Pull, Fine Leg"
Roy Kennedy,Top-Order,10,239,171,10,23.9,139.77,28,8,1,0,18,10.53%,66.95%,4.75,9.5,17.1,20.08%,21.38,58.52,"Back of Length, Leg Break, Off Break, Mid Wicket","Outside Off, Out Swing, Drive, Covers"
Gordon Johnstone,Power-Hitter,12,202,171,10,20.2,118.13,22,7,0,0,75,43.86%,64.36%,5.9,2.28,17.1,20.79%,24.43,50.7,"Out Swing, SlogSweep, Point, Third Man","Yorker, Slower Ball, Pull, Slog"
Lewis Wemyss,Lower Order,15,207,171,13,15.92,121.05,13,8,0,0,30,17.54%,48.31%,8.14,5.7,13.15,23.19%,21.38,71.33,"Length Delivery, Off Cutter, Pull, Slog","Yorker, Outside Off, In Swing, Point"
Alban MacGregor,Lower Order,19,190,171,16,11.88,111.11,17,8,1,0,79,46.20%,61.05%,6.84,2.16,10.69,25.26%,21.38,50.68,"Short Length, Leg Break, SlogSweep, Mid Wicket","Wide Off, Front Foot, Seam Away, Point, Covers"
Hamish Galbraith,Top-Order,8,273,171,7,39.0,159.65,33,13,2,0,69,40.35%,76.92%,3.72,2.48,24.43,28.57%,13.15,50.4,"Length Delivery, Outside Leg, Front Foot, In Swing, Drive","Back of Length, Cut, Pull, Point, Square Leg"
Shaw MacLaren,Lower Order,13,174,171,11,15.82,101.75,8,9,1,0,75,43.86%,49.43%,10.06,2.28,15.55,31.03%,19.0,57.14,"Back of Length, Half Volley, SlogSweep, Square Leg, Fine Leg","Length Delivery, Down The Track, Moves Front, Slog, Covers"
Neil MacInnes,Lower Order,16,217,171,13,16.69,126.9,14,12,0,0,66,38.60%,58.99%,6.58,2.59,13.15,33.18%,14.25,61.38,"Back of Length, Front Foot, In Swing, Drive","Down The Track, Off Break, Seam Away, Slog"
Fergus Paterson,Middle Order,11,206,170,10,20.6,121.18,26,1,1,0,66,38.82%,53.40%,6.3,2.58,17.0,2.91%,170.0,67.13,"Length Delivery, Back Foot, Flick, Sweep, Point","Half Volley, Off Cutter, Out Swing, Slog, SlogSweep"
Ranald Boyd,Top-Order,9,235,170,9,26.11,138.24,30,5,2,0,59,34.71%,63.83%,4.86,2.88,18.89,12.77%,34.0,62.96,"Wide Off, Moves Front, Googly, Covers","Back of Length, Off Cutter, Slower Ball, Long Off"
Niall Gray,Middle Order,10,229,170,7,32.71,134.71,16,10,2,0,57,33.53%,54.15%,6.54,2.98,24.29,26.20%,17.0,72.92,"Outside Off, Front Foot, Drive, Flick","Short Length, Down The Track, Googly, Off Break"
Graeme MacDuff,Lower Order,23,186,170,17,10.94,109.41,12,9,1,0,75,44.12%,54.84%,8.1,2.27,10.0,29.03%,18.89,56.38,"Short Length, Wide Off, Front Foot, Right-arm, Cut, Long Off","Outside Leg, Down The Track, Moves Front, Googly, Leg Break, Sweep, Fine Leg"
Douglas Forsyth,Power-Hitter,14,253,170,12,21.08,148.82,20,14,0,0,56,32.94%,64.82%,5.0,3.04,14.17,33.20%,12.14,65.44,"Outside Leg, Out Swing, Slower Ball, Square Leg","Length Delivery, Yorker, In Swing, Point"
Calum Colquhoun,Middle Order,10,236,170,10,23.6,138.82,14,17,2,0,71,41.76%,66.95%,5.48,2.39,17.0,43.22%,10.0,56.12,"Short Length, Off Break, Slower Ball, Hook, Long On","Front Foot, Leg Break, Drive, Point"
Euan Gibson,Top-Order,6,201,169,4,50.25,118.93,24,2,1,0,19,11.24%,53.73%,6.5,8.89,42.25,5.97%,84.5,65.03,"Half Volley, Moves Front, In Swing, Flick, Mid Wicket","Wide Off, Down The Track, Hook, Third Man"
Douglas Gray,Top-Order,6,185,169,4,46.25,109.47,16,2,1,0,59,34.91%,41.08%,9.39,2.86,42.25,6.49%,84.5,72.19,"Backs Away, Left-arm, Seam Away, Point, Third Man","Length Delivery, Front Foot, Off Cutter, Long Off"
Kentigern Sutherland,Lower Order,12,191,169,5,38.2,113.02,16,4,0,0,54,31.95%,46.07%,8.45,3.13,33.8,12.57%,42.25,69.13,"Full Toss, Wide Off, Point, Mid Wicket","Short Length, Outside Leg, Left-arm, Hook, Long Off"
Alec MacArthur,Power-Hitter,14,224,169,11,20.36,132.54,26,7,0,0,68,40.24%,65.18%,5.12,2.49,15.36,18.75%,24.14,57.35,"Down The Track, Leg Break, Square Leg, Long Off","Wide Off, Hook, Point, Mid Wicket"
Roy MacKenzie,Power-Hitter,14,199,169,11,18.09,117.75,18,7,1,0,71,42.01%,57.29%,6.76,2.38,15.36,21.11%,24.14,59.03,"Left-arm, Out Swing, Sweep, Third Man","Length Delivery, Short Length, Down The Track, Slog"
Calum Guthrie,Power-Hitter,11,199,169,11,18.09,117.75,20,11,0,0,92,54.44%,73.37%,5.45,1.84,15.36,33.17%,15.36,38.41,"Outside Off, Backs Away, Drive, Long Off","Short Length, On Stumps, In Swing, SlogSweep"
Ross Clark,Power-Hitter,13,222,169,13,17.08,131.36,17,13,1,0,69,40.83%,65.77%,5.63,2.45,13.0,35.14%,13.0,54.68,"On Stumps, In Swing, Slower Ball, SlogSweep","Back of Length, Outside Off, Backs Away, Googly"
Hamish Muir,Power-Hitter,14,285,169,12,23.75,168.64,25,18,0,1,60,35.50%,72.98%,3.93,2.82,14.08,37.89%,9.39,61.11,"Back Foot, Slower Ball, Hook, SlogSweep, Long On","Wide Off, Front Foot, In Swing, Flick"
Colin Marshall,Top-Order,7,247,169,6,41.17,146.15,19,16,1,1,19,11.24%,69.64%,4.83,8.89,28.17,38.87%,10.56,55.97,"Outside Off, Off Cutter, Drive, Pull, Covers","Wide Off, Off Break, Seam Away, Hook, Sweep"
Malcolm Murray,Middle Order,11,213,168,11,19.36,126.79,34,1,1,0,71,42.26%,66.67%,4.8,2.37,15.27,2.82%,168.0,53.38,"Length Delivery, Back Foot, Flick, Hook","Left-arm, Off Break, SlogSweep, Long Off"
Finn Blackwood,Lower Order,11,164,168,10,16.4,97.62,23,1,0,0,88,52.38%,59.76%,7.0,1.91,16.8,3.66%,168.0,45.83,"Moves Front, Leg Break, Slower Ball, Sweep, Point","Yorker, Front Foot, Drive, Hook, Third Man"
Neil Currie,Lower Order,12,98,167,9,10.89,58.68,4,1,0,0,65,38.92%,22.45%,33.4,2.57,18.56,6.12%,167.0,46.91,"Off Break, Off Cutter, Pull, Slog, Mid Wicket","Half Volley, Length Delivery, Outside Off, Drive, Long Off"
Niall Bruce,Power-Hitter,12,177,167,9,19.67,105.99,8,7,0,0,62,37.13%,41.81%,11.13,2.69,18.56,23.73%,23.86,67.76,"On Stumps, Flick, Square Leg, Mid Wicket","Outside Off, Wide Off, Backs Away, Drive"
Mungo Muir,Top-Order,9,195,167,6,32.5,116.77,15,8,1,0,61,36.53%,55.38%,7.26,2.74,27.83,24.62%,20.88,60.42,"Back Foot, Hook, Fine Leg, Long Off","Yorker, Googly, Off Break, Flick"
Struan Innes,Lower Order,14,191,167,12,15.92,114.37,16,9,0,0,80,47.90%,61.78%,6.68,2.09,13.92,28.27%,18.56,51.41,"Outside Leg, Front Foot, Slower Ball, Flick, Covers","Back of Length, Back Foot, Googly, Off Break, Point, Long On"
Andrew MacAlister,Lower Order,12,226,166,12,18.83,136.14,24,5,1,0,59,35.54%,55.75%,5.72,2.81,13.83,13.27%,33.2,72.99,"Backs Away, Off Cutter, Slower Ball, Covers, Long On","Short Length, Yorker, Back Foot, Square Leg, Fine Leg"
Murdo Turnbull,Lower Order,11,177,166,11,16.09,106.63,23,4,0,0,80,48.19%,65.54%,6.15,2.08,15.09,13.56%,41.5,43.88,"Full Toss, Outside Leg, SlogSweep, Fine Leg","Back of Length, Back Foot, Seam Away, Cut"
Logan Laing,Top-Order,8,221,166,4,55.25,133.13,17,10,1,0,58,34.94%,57.92%,6.15,2.86,41.5,27.15%,16.6,66.91,"Full Toss, Length Delivery, Out Swing, Covers","Googly, Leg Break, Hook, Fine Leg"
Eoin MacGill,Middle Order,8,172,166,7,24.57,103.61,11,8,2,0,79,47.59%,53.49%,8.74,2.1,23.71,27.91%,20.75,54.42,"In Swing, Out Swing, SlogSweep, Mid Wicket, Third Man","Outside Leg, Hook, Sweep, Square Leg, Fine Leg"
Alec Kinnear,Power-Hitter,16,186,166,13,14.31,112.05,8,10,0,0,72,43.37%,49.46%,9.22,2.31,12.77,32.26%,16.6,63.51,"Wide Off, Pull, SlogSweep, Long Off","Yorker, In Swing, Flick, Sweep"
Lennox Fraser,Lower Order,32,204,165,22,9.27,123.64,17,9,0,0,67,40.61%,59.80%,6.35,2.46,7.5,26.47%,18.33,58.99,"Full Toss, Back Foot, Hook, Point, Square Leg","Length Delivery, Yorker, Front Foot, Left-arm, In Swing"
Lewis Douglas,Lower Order,26,152,165,19,8.0,92.12,10,7,0,0,88,53.33%,53.95%,9.71,1.88,8.68,27.63%,23.57,47.3,"Full Toss, Googly, Hook, SlogSweep","Half Volley, Yorker, Seam Away, Pull"
Tavish Logan,Lower Order,37,218,165,23,9.48,132.12,14,12,0,0,63,38.18%,58.72%,6.35,2.62,7.17,33.03%,13.75,64.75,"Wide Off, Back Foot, Backs Away, Cut, Sweep, Point, Mid Wicket","Length Delivery, Yorker, Down The Track, Front Foot, In Swing, Slower Ball, Long On"
Lorne Dunbar,Power-Hitter,17,269,165,14,19.21,163.03,18,19,0,0,52,31.52%,69.14%,4.46,3.17,11.79,42.38%,8.68,64.84,"Off Break, Slower Ball, Flick, Third Man","Front Foot, Drive, Hook, Square Leg"
Lorne MacKenzie,Power-Hitter,8,173,164,7,24.71,105.49,8,4,0,0,55,33.54%,32.37%,13.67,2.98,23.43,13.87%,41.0,76.97,"Outside Leg, Wide Off, Off Cutter, Long On","Back of Length, Outside Off, Out Swing, Flick"
Stuart Yuill,Power-Hitter,17,197,164,15,13.13,120.12,10,10,0,0,59,35.98%,50.76%,8.2,2.78,10.93,30.46%,16.4,67.36,"Half Volley, Yorker, Right-arm, Long Off","Back of Length, Full Toss, Outside Leg, Hook, Square Leg"
Innes MacNab,Power-Hitter,12,188,164,11,17.09,114.63,14,10,0,0,77,46.95%,61.70%,6.83,2.13,14.91,31.91%,16.4,51.43,"Half Volley, In Swing, Cut, Mid Wicket, Long On","Outside Leg, Leg Break, Sweep, Square Leg"
Ross Strachan,Power-Hitter,17,242,164,14,17.29,147.56,11,17,1,0,48,29.27%,60.33%,5.86,3.42,11.71,42.15%,9.65,70.59,"Full Toss, In Swing, Slower Ball, Slog, SlogSweep, Long On","Wide Off, Back Foot, Seam Away, Cut, Point"
Gavin Balfour,Lower Order,12,183,163,12,15.25,112.27,14,4,1,0,56,34.36%,43.72%,9.06,2.91,13.58,13.11%,40.75,71.03,"Outside Off, Front Foot, Flick, Fine Leg","Back of Length, Back Foot, Down The Track, Pull"
Ranald MacBeth,Power-Hitter,12,177,163,12,14.75,108.59,18,6,0,0,83,50.92%,61.02%,6.79,1.96,13.58,20.34%,27.17,49.64,"Short Length, Backs Away, Left-arm, Drive","Right-arm, Off Break, Slog, Long Off"
Alban Lauder,Lower Order,25,188,163,17,11.06,115.34,15,7,0,0,64,39.26%,54.26%,7.41,2.55,9.59,22.34%,23.29,60.99,"Wide Off, Down The Track, Googly, Off Break, Slog, Mid Wicket","Short Length, Back Foot, Front Foot, Hook, Point"
Ross Davidson,Top-Order,7,189,163,6,31.5,115.95,13,8,2,0,64,39.26%,52.91%,7.76,2.55,27.17,25.40%,20.38,62.68,"Back of Length, Outside Off, Drive, Covers","Short Length, Leg Break, Hook, Square Leg"
Craig Ramsay,Power-Hitter,13,231,163,13,17.77,141.72,26,12,1,0,80,49.08%,76.19%,4.29,2.04,12.54,31.17%,13.58,44.0,"Moves Front, Off Break, Flick, Slog, Mid Wicket","Wide Off, Out Swing, Seam Away, Point, Third Man"
Dougal Gallacher,Power-Hitter,19,275,163,11,25.0,168.71,10,29,1,0,76,46.63%,77.82%,4.18,2.14,14.82,63.27%,5.62,49.19,"Full Toss, Slower Ball, Drive, Slog, Long Off, Long On","Back of Length, Outside Leg, Sweep, Point, Fine Leg"
Aiden Bannerman,Top-Order,6,210,162,4,52.5,129.63,32,4,2,0,78,48.15%,72.38%,4.5,2.08,40.5,11.43%,40.5,46.03,"Front Foot, Moves Front, In Swing, Out Swing, Fine Leg","Wide Off, Back Foot, Leg Break, Seam Away, Pull, Point"
Ollie Galbraith,Middle Order,10,170,162,10,17.0,104.94,13,11,1,0,93,57.41%,69.41%,6.75,1.74,16.2,38.82%,14.73,37.68,"Length Delivery, Down The Track, In Swing, Off Break, Slog","Wide Off, Back Foot, Seam Away, Point, Square Leg"
Hugh Ramsay,Power-Hitter,17,240,162,15,16.0,148.15,14,20,1,0,67,41.36%,73.33%,4.76,2.42,10.8,50.00%,8.1,50.0,"Down The Track, Pull, Slog, Mid Wicket, Long On","Outside Leg, Outside Off, Hook, Sweep, Third Man"
Fraser Kennedy,Top-Order,7,341,162,6,56.83,210.49,16,32,0,2,52,32.10%,75.07%,3.38,3.12,27.0,56.30%,5.06,74.56,"Full Toss, In Swing, Slog, Long On","Short Length, Wide Off, Cut, Point"
Lennox Blackwood,Lower Order,17,152,161,10,15.2,94.41,6,5,0,0,62,38.51%,35.53%,14.64,2.6,16.1,19.74%,32.2,65.33,"Back of Length, Full Toss, Off Cutter, Slog, Mid Wicket","Half Volley, Outside Off, Wide Off, Backs Away, Point, Long Off"
Finlay Matheson,Lower Order,16,170,161,13,13.08,105.59,10,7,0,0,65,40.37%,48.24%,9.47,2.48,12.38,24.71%,23.0,61.11,"Back Foot, Moves Front, Cut, Covers, Fine Leg","Leg Break, Off Break, Slog, Mid Wicket"
Christopher Urquhart,Power-Hitter,12,232,161,12,19.33,144.1,22,10,1,0,60,37.27%,63.79%,5.03,2.68,13.42,25.86%,16.1,65.12,"Half Volley, Slower Ball, Point, Covers","Yorker, Left-arm, Googly, Fine Leg"
Kenneth Young,Power-Hitter,18,258,161,15,17.2,160.25,28,17,2,0,77,47.83%,82.95%,3.58,2.09,10.73,39.53%,9.47,37.93,"Backs Away, Off Break, Slog, SlogSweep, Mid Wicket","Yorker, Back Foot, In Swing, Seam Away, Fine Leg"
Rory Elliot,Top-Order,7,277,161,6,46.17,172.05,11,21,2,0,28,17.39%,61.37%,5.03,5.75,26.83,45.49%,7.67,82.95,"Wide Off, Backs Away, Googly, Slower Ball, Cut","Full Toss, Half Volley, Flick, Square Leg, Mid Wicket"
Stewart Baird,Lower Order,17,108,160,9,12.0,67.5,4,0,0,0,73,45.63%,14.81%,40.0,2.19,17.78,0.00%,,58.97,"Full Toss, Short Length, Back Foot, Hook, Long On","Outside Off, Leg Break, Out Swing, Sweep, Covers"
Matthew Blackwood,Lower Order,14,208,160,12,17.33,130.0,24,7,1,0,67,41.88%,66.35%,5.16,2.39,13.33,20.19%,22.86,54.26,"Full Toss, Back Foot, Off Break, Hook, Long On","Outside Leg, Backs Away, Moves Front, Googly, Leg Break"
Douglas Yuill,Lower Order,14,192,160,12,16.0,120.0,14,8,1,0,65,40.63%,54.17%,7.27,2.46,13.33,25.00%,20.0,63.77,"Full Toss, On Stumps, Wide Off, In Swing, Off Cutter, Square Leg","Half Volley, Back Foot, Front Foot, Off Break, Out Swing"
Donald Robertson,Lower Order,27,193,160,17,11.35,120.62,14,9,0,0,69,43.13%,56.99%,6.96,2.32,9.41,27.98%,17.78,60.58,"Right-arm, Off Break, Long On, Third Man","Back of Length, Wide Off, Hook, Pull"
Christopher Menzies,Power-Hitter,13,222,160,10,22.2,138.75,20,12,1,0,66,41.25%,68.47%,5.0,2.42,16.0,32.43%,13.33,54.69,"Back of Length, Half Volley, Moves Front, Off Break","Yorker, Outside Off, Leg Break, Fine Leg"
Iain Campbell,Middle Order,8,213,160,8,26.62,133.12,23,12,1,0,78,48.75%,77.00%,4.57,2.05,20.0,33.80%,13.33,39.2,"Full Toss, Googly, Leg Break, Sweep, Long On","Yorker, Wide Off, Out Swing, Covers"
Stuart Findlay,Middle Order,11,249,160,9,27.67,155.62,9,20,0,0,48,30.00%,62.65%,5.52,3.33,17.78,48.19%,8.0,70.99,"Back Foot, Down The Track, Cut, Pull, Point","Yorker, On Stumps, Left-arm, Slog, SlogSweep"
Finlay Cumming,Top-Order,8,160,159,7,22.86,100.63,13,4,1,0,73,45.91%,47.50%,9.35,2.18,22.71,15.00%,39.75,59.15,"Length Delivery, On Stumps, Googly, SlogSweep, Sweep, Covers","Short Length, Right-arm, Out Swing, Seam Away, Third Man"
Tavish Oliphant,Power-Hitter,13,181,159,11,16.45,113.84,18,5,1,0,37,23.27%,56.35%,6.91,4.3,14.45,16.57%,31.8,58.09,"Outside Off, Moves Front, Googly, Seam Away, Third Man","Full Toss, On Stumps, Slog, SlogSweep"
Tavish Gordon,Middle Order,10,175,159,10,17.5,110.06,16,10,1,0,92,57.86%,70.86%,6.12,1.73,15.9,34.29%,15.9,38.35,"Length Delivery, Wide Off, Seam Away, Point, Covers","Full Toss, Pull, Sweep, Square Leg, Fine Leg"
Archie Rae,Top-Order,7,289,159,6,48.17,181.76,32,18,2,0,66,41.51%,81.66%,3.18,2.41,26.5,37.37%,8.83,48.62,"Outside Off, Front Foot, Leg Break, Out Swing, Covers","Length Delivery, On Stumps, Slower Ball, Fine Leg, Long On"
Archibald Graham,Middle Order,7,160,158,5,32.0,101.27,18,3,0,0,76,48.10%,56.25%,7.52,2.08,31.6,11.25%,52.67,51.09,"Length Delivery, Outside Off, Front Foot, Moves Front, Covers","Back of Length, Short Length, Outside Leg, Back Foot, Third Man"
Charlie MacKay,Lower Order,14,151,158,13,11.62,95.57,12,3,0,0,72,45.57%,43.71%,10.53,2.19,12.15,11.92%,52.67,59.44,"On Stumps, Moves Front, Hook, Sweep","Backs Away, Cut, Pull, Third Man"
Grant Rae,Top-Order,7,219,158,6,36.5,138.61,20,8,2,0,57,36.08%,58.45%,5.64,2.77,26.33,21.92%,19.75,70.0,"In Swing, Flick, Hook, Fine Leg","Wide Off, Out Swing, Cut, Third Man"
Alasdair Gibson,Middle Order,10,253,158,7,36.14,160.13,20,12,1,0,43,27.22%,60.08%,4.94,3.67,22.57,28.46%,13.17,80.16,"Yorker, Off Break, Out Swing, Third Man","In Swing, Off Cutter, Hook, Square Leg"
Alban Montgomery,Top-Order,7,202,158,4,50.5,127.85,18,10,2,0,64,40.51%,65.35%,5.64,2.47,39.5,29.70%,15.8,53.85,"Off Cutter, Slower Ball, SlogSweep, Long Off, Long On","Back of Length, Short Length, Wide Off, Seam Away, Point"
Mungo Whyte,Power-Hitter,19,265,158,19,13.95,167.72,33,17,0,0,81,51.27%,88.30%,3.16,1.95,8.32,38.49%,9.29,28.7,"Back Foot, Down The Track, Right-arm, Slower Ball, Long Off","Backs Away, Googly, In Swing, Sweep, Covers"
Farquhar Innes,Power-Hitter,13,217,158,10,21.7,137.34,15,14,2,0,69,43.67%,66.36%,5.45,2.29,15.8,38.71%,11.29,56.59,"Half Volley, Outside Leg, Backs Away, Flick, Long Off","Moves Front, Seam Away, Cut, Third Man"
Neil Hamilton,Lower Order,8,81,157,7,11.57,51.59,7,1,1,0,109,69.43%,41.98%,19.63,1.44,22.43,7.41%,157.0,31.54,"Full Toss, On Stumps, Down The Track, Off Break","Back of Length, Short Length, Back Foot, Hook"
Alec Findlay,Lower Order,11,179,157,9,19.89,114.01,25,4,0,0,80,50.96%,69.27%,5.41,1.96,17.44,13.41%,39.25,42.97,"Outside Off, Front Foot, Slower Ball, Fine Leg","Full Toss, On Stumps, Wide Off, Back Foot, Off Break, Covers"
Craig Shaw,Lower Order,9,114,157,8,14.25,72.61,11,3,0,0,84,53.50%,54.39%,11.21,1.87,19.63,15.79%,52.33,36.36,"Outside Off, Back Foot, In Swing, Off Break, SlogSweep, Square Leg","Length Delivery, Wide Off, Backs Away, Drive"
Ewan Dewar,Power-Hitter,12,189,157,11,17.18,120.38,17,5,1,0,59,37.58%,51.85%,7.14,2.66,14.27,15.87%,31.4,67.41,"Full Toss, Leg Break, SlogSweep, Square Leg","Length Delivery, Wide Off, Front Foot, Right-arm, Covers"
Innes MacLennan,Top-Order,7,235,157,7,33.57,149.68,26,8,2,0,17,10.83%,64.68%,4.62,9.24,22.43,20.43%,19.63,67.48,"Half Volley, Outside Off, Moves Front, Out Swing","Left-arm, Hook, Pull, Square Leg"
Sandy MacLachlan,Top-Order,6,170,157,6,28.33,108.28,11,6,1,0,62,39.49%,47.06%,9.24,2.53,26.17,21.18%,26.17,64.29,"Short Length, Front Foot, Slog, Long Off","Moves Front, Left-arm, Seam Away, Third Man"
Murray Roy,Lower Order,14,162,157,11,14.73,103.18,9,6,0,0,70,44.59%,44.44%,10.47,2.24,14.27,22.22%,26.17,63.38,"On Stumps, Sweep, Square Leg, Mid Wicket","Length Delivery, Down The Track, Slower Ball, Cut"
Murray Kinnear,Power-Hitter,12,194,157,11,17.64,123.57,20,10,1,0,71,45.22%,72.16%,5.23,2.21,14.27,30.93%,15.7,42.52,"Short Length, Off Cutter, Slower Ball, Cut","Length Delivery, On Stumps, Off Break, SlogSweep"
Kenneth Brown,Power-Hitter,18,181,157,12,15.08,115.29,13,12,0,0,81,51.59%,68.51%,6.28,1.94,13.08,39.78%,13.08,43.18,"Backs Away, Down The Track, Off Break, Slog, Long On, Third Man","Yorker, Outside Off, Hook, Square Leg, Fine Leg"
Maxwell Gow,Power-Hitter,18,180,157,13,13.85,114.65,6,13,0,0,71,45.22%,56.67%,8.26,2.21,12.08,43.33%,12.08,56.52,"Back of Length, Half Volley, Backs Away, Googly, Cut","Length Delivery, Off Break, Flick, Slog"
Connor Gow,Top-Order,7,264,157,3,88.0,168.15,10,21,1,0,48,30.57%,62.88%,5.06,3.27,52.33,47.73%,7.48,77.78,"Down The Track, Seam Away, Cut, Long On","Off Cutter, Hook, Sweep, Square Leg, Fine Leg"
Alban Balfour,Middle Order,8,214,156,8,26.75,137.18,20,12,1,0,68,43.59%,71.03%,4.88,2.29,19.5,33.64%,13.0,50.0,"Short Length, Moves Front, Sweep, Fine Leg","Out Swing, SlogSweep, Long On, Third Man"
Donald Guthrie,Middle Order,10,244,156,7,34.86,156.41,21,16,1,0,8,5.13%,73.77%,4.22,19.5,22.29,39.34%,9.75,53.78,"Full Toss, Down The Track, Seam Away, Slog, Long Off","Outside Leg, Off Cutter, Out Swing, Sweep"
Kentigern MacNeil,Lower Order,26,198,156,14,14.14,126.92,13,13,0,0,66,42.31%,65.66%,6.0,2.36,11.14,39.39%,12.0,52.31,"On Stumps, Slog, Long Off, Long On","Back of Length, Yorker, Googly, Cut"
Gordon Kirkwood,Top-Order,8,215,156,7,30.71,137.82,15,16,2,0,70,44.87%,72.56%,5.03,2.23,22.29,44.65%,9.75,47.2,"Off Cutter, Slower Ball, Slog, SlogSweep, Mid Wicket","Back Foot, Seam Away, Cut, Hook, Point"
Rabbie Ross,Middle Order,8,119,155,7,17.0,76.77,11,1,1,0,81,52.26%,42.02%,12.92,1.91,22.14,5.04%,155.0,48.25,"Full Toss, Outside Leg, Right-arm, Flick","Back of Length, Back Foot, Cut, Hook"
Calum Napier,Lower Order,15,204,155,15,13.6,131.61,20,4,0,0,56,36.13%,50.98%,6.46,2.77,10.33,11.76%,38.75,76.34,"Length Delivery, Backs Away, Seam Away, Flick, Square Leg","Off Cutter, Slower Ball, Pull, Mid Wicket"
Somerled Inglis,Middle Order,10,201,155,8,25.12,129.68,22,6,2,0,65,41.94%,61.69%,5.54,2.38,19.38,17.91%,25.83,60.63,"Front Foot, Out Swing, Drive, Flick","Down The Track, Seam Away, Cut, Pull"
Andrew Hay,Lower Order,18,125,155,15,8.33,80.65,5,4,0,0,79,50.97%,35.20%,17.22,1.96,10.33,19.20%,38.75,55.48,"Yorker, On Stumps, Googly, Flick, Square Leg","Short Length, Back Foot, Left-arm, Off Break, Seam Away, Long Off"
Calum Wardlaw,Middle Order,10,206,155,8,25.75,132.9,20,7,1,0,53,34.19%,59.22%,5.74,2.92,19.38,20.39%,22.14,65.63,"Wide Off, Backs Away, Right-arm, Point","Half Volley, Length Delivery, Sweep, Long On"
Alistair Baird,Power-Hitter,11,173,155,7,24.71,111.61,17,6,1,0,74,47.74%,60.12%,6.74,2.09,22.14,20.81%,25.83,52.27,"On Stumps, Leg Break, Off Break, Slog, Sweep","Length Delivery, Outside Off, Back Foot, Seam Away, Covers"
Logan Hamilton,Top-Order,7,181,154,7,25.86,117.53,16,2,1,0,58,37.66%,41.99%,8.56,2.66,22.0,6.63%,77.0,77.21,"Half Volley, Out Swing, Cut, Point","On Stumps, Googly, Hook, SlogSweep, Square Leg, Long On"
Dougal Carmichael,Lower Order,14,101,154,13,7.77,65.58,4,2,0,0,89,57.79%,27.72%,25.67,1.73,11.85,11.88%,77.0,49.32,"Down The Track, Right-arm, Slower Ball, Long On","Half Volley, Length Delivery, Front Foot, Point"
Roderick Rutherford,Top-Order,8,184,154,4,46.0,119.48,15,4,0,0,41,26.62%,45.65%,8.11,3.76,38.5,13.04%,38.5,74.07,"Outside Off, Moves Front, Drive, Covers, Long On","Short Length, Back Foot, Hook, Pull, Square Leg"
Eoin Purves,Top-Order,9,233,154,7,33.29,151.3,18,11,2,0,53,34.42%,59.23%,5.31,2.91,22.0,28.33%,14.0,76.0,"Short Length, Outside Off, Off Break, Covers","Wide Off, Googly, Leg Break, Point"
Sandy Sutherland,Top-Order,9,226,154,6,37.67,146.75,14,16,2,0,63,40.91%,67.26%,5.13,2.44,25.67,42.48%,9.63,59.68,"Short Length, Outside Leg, Wide Off, Googly, Drive","Right-arm, Off Break, Out Swing, Slog, Long On"
Farquhar MacTaggart,Lower Order,29,169,154,26,6.5,109.74,9,13,0,0,69,44.81%,67.46%,7.0,2.23,5.92,46.15%,11.85,41.67,"Full Toss, Short Length, Cut, Sweep, Third Man","Half Volley, Length Delivery, Front Foot, Moves Front, In Swing"
Mungo Strachan,Lower Order,14,126,153,13,9.69,82.35,9,5,0,0,87,56.86%,52.38%,10.93,1.76,11.77,23.81%,30.6,43.17,"On Stumps, Right-arm, Off Break, Flick, Fine Leg","Half Volley, Moves Front, Leg Break, Long Off"
Leslie Chisholm,Lower Order,25,156,153,20,7.8,101.96,14,7,0,0,83,54.25%,62.82%,7.29,1.84,7.65,26.92%,21.86,43.94,"Front Foot, Slower Ball, Pull, Mid Wicket","Outside Leg, Wide Off, Seam Away, Fine Leg"
Fergus Sinclair,Power-Hitter,13,200,153,12,16.67,130.72,15,9,0,0,58,37.91%,57.00%,6.38,2.64,12.75,27.00%,17.0,66.67,"Moves Front, Leg Break, Off Cutter, Hook, Sweep, Fine Leg","Half Volley, Yorker, Wide Off, Front Foot, In Swing, Drive"
Arran MacKay,Top-Order,6,143,153,6,23.83,93.46,7,7,1,0,76,49.67%,48.95%,10.93,2.01,25.5,29.37%,21.86,52.52,"Short Length, Yorker, Front Foot, Out Swing","Back of Length, Outside Off, Off Cutter, Point"
Duncan Dewar,Power-Hitter,10,208,153,10,20.8,135.95,16,12,1,0,60,39.22%,65.38%,5.46,2.55,15.3,34.62%,12.75,57.6,"Full Toss, Wide Off, Slog, Square Leg, Mid Wicket","Length Delivery, Front Foot, Googly, In Swing, Long Off"
Gordon Sloan,Lower Order,10,162,152,10,16.2,106.58,16,4,1,0,73,48.03%,54.32%,7.6,2.08,15.2,14.81%,38.0,56.06,"Outside Off, Leg Break, Drive, Point","Short Length, Moves Front, Slower Ball, Mid Wicket"
Cailean Graham,Lower Order,14,195,152,11,17.73,128.29,16,5,0,0,48,31.58%,48.21%,7.24,3.17,13.82,15.38%,30.4,77.1,"Right-arm, Out Swing, Sweep, Fine Leg","Length Delivery, Moves Front, Long Off, Third Man"
Arran Scott,Lower Order,16,179,151,12,14.92,118.54,18,4,1,0,40,26.49%,53.63%,6.86,3.78,12.58,13.41%,37.75,64.34,"Full Toss, Drive, Mid Wicket, Long On","Short Length, Outside Off, In Swing, Cut"
Lachlan Duncan,Lower Order,14,194,151,10,19.4,128.48,19,7,0,0,60,39.74%,60.82%,5.81,2.52,15.1,21.65%,21.57,60.8,"Leg Break, Off Cutter, Cut, Sweep, Square Leg","Half Volley, Backs Away, Moves Front, Out Swing, Covers"
Eoin Weir,Top-Order,7,237,151,7,33.86,156.95,17,17,2,0,13,8.61%,71.73%,4.44,11.62,21.57,43.04%,8.88,57.26,"Leg Break, Seam Away, Hook, Point","Full Toss, Off Cutter, Slog, Mid Wicket"
Hamish Erskine,Lower Order,13,124,150,9,13.78,82.67,10,1,0,0,73,48.67%,37.10%,13.64,2.05,16.67,4.84%,150.0,56.12,"Outside Off, Front Foot, Out Swing, Seam Away, Slog, Point, Third Man","Short Length, On Stumps, Googly, Hook, Sweep, Square Leg, Long On"
Lorne Sinclair,Lower Order,10,123,150,10,12.3,82.0,12,1,0,0,82,54.67%,43.90%,11.54,1.83,15.0,4.88%,150.0,50.36,"Outside Leg, Backs Away, Out Swing, Seam Away, Third Man","Length Delivery, Moves Front, In Swing, Hook, Pull, Long On"
Blair Jardine,Lower Order,9,124,150,9,13.78,82.67,12,2,0,0,85,56.67%,48.39%,10.71,1.76,16.67,9.68%,75.0,47.06,"Outside Off, Backs Away, Slower Ball, Point","Length Delivery, Short Length, On Stumps, Flick"
Iain Muir,Lower Order,12,149,150,9,16.56,99.33,12,3,0,0,65,43.33%,44.30%,10.0,2.31,16.67,12.08%,50.0,61.48,"Wide Off, Googly, Slog, Sweep","Back of Length, Back Foot, Pull, Long Off"
Magnus Sutherland,Lower Order,10,96,150,5,19.2,64.0,7,2,0,0,94,62.67%,41.67%,16.67,1.6,30.0,12.50%,75.0,39.72,"Length Delivery, Moves Front, Cut, Mid Wicket, Long On","Yorker, Pull, Sweep, Fine Leg"
Somerled Murray,Power-Hitter,8,179,150,8,22.38,119.33,13,6,0,0,55,36.67%,49.16%,7.89,2.73,18.75,20.11%,25.0,69.47,"Yorker, Outside Off, Front Foot, Seam Away","Outside Leg, Off Break, Slog, Long On"
Kenneth Hamilton,Lower Order,8,136,149,7,19.43,91.28,12,4,0,0,75,50.34%,52.94%,9.31,1.99,21.29,17.65%,37.25,48.12,"Short Length, Down The Track, Leg Break, Slog, Long On","Back of Length, Outside Leg, Backs Away, Flick, Mid Wicket, Fine Leg"
Iain MacQuarrie,Lower Order,11,163,149,10,16.3,109.4,12,5,0,0,66,44.30%,47.85%,8.76,2.26,14.9,18.40%,29.8,64.39,"Back of Length, Back Foot, Down The Track, Cut, Point, Square Leg","Moves Front, Right-arm, In Swing, Out Swing, Fine Leg, Long On"
Robbie MacLeod,Top-Order,7,201,149,6,33.5,134.9,21,8,2,0,16,10.74%,65.67%,5.14,9.31,24.83,23.88%,18.63,57.5,"Yorker, Outside Off, Left-arm, Flick, Long On","Wide Off, Backs Away, Sweep, Square Leg, Long Off"
Donald Hunter,Lower Order,17,117,149,17,6.88,78.52,10,5,0,0,92,61.74%,59.83%,9.93,1.62,8.76,25.64%,29.8,35.07,"Length Delivery, Outside Leg, Outside Off, Slog, Long On, Third Man","Back of Length, Yorker, Googly, Leg Break, Long Off"
Angus Hamilton,Top-Order,5,214,149,4,53.5,143.62,22,10,1,1,19,12.75%,69.16%,4.66,7.84,37.25,28.04%,14.9,56.41,"Outside Off, Front Foot, Off Cutter, Out Swing, Third Man","Googly, Off Break, SlogSweep, Sweep, Point"
Kieran MacEwan,Lower Order,18,156,148,13,12.0,105.41,13,4,0,0,68,45.95%,48.72%,8.71,2.18,11.38,15.38%,37.0,61.07,"Full Toss, Off Break, Drive, Fine Leg, Long On","Outside Off, Seam Away, Cut, Point, Third Man"
Stuart Nicolson,Lower Order,13,134,148,10,13.4,90.54,5,4,0,0,65,43.92%,32.84%,16.44,2.28,14.8,17.91%,37.0,64.75,"Length Delivery, Hook, Sweep, Square Leg","Outside Off, Off Cutter, Out Swing, Cut, Third Man"
Innes MacRae,Top-Order,6,211,148,4,52.75,142.57,14,8,3,0,28,18.92%,49.29%,6.73,5.29,37.0,22.75%,18.5,84.92,"On Stumps, Outside Off, Right-arm, Square Leg, Covers","Down The Track, Moves Front, Leg Break, Off Cutter, Long Off"
Archie MacNab,Power-Hitter,11,208,148,10,20.8,140.54,21,10,1,0,60,40.54%,69.23%,4.77,2.47,14.8,28.85%,14.8,54.7,"Yorker, Hook, Long Off, Long On","On Stumps, Outside Leg, Googly, Sweep"
Leslie MacAulay,Middle Order,10,166,148,8,20.75,112.16,9,9,1,0,65,43.92%,54.22%,8.22,2.28,18.5,32.53%,16.44,58.46,"Short Length, Off Break, Hook, Long On","Yorker, Googly, Leg Break, Third Man"
Archie MacGill,Middle Order,11,235,148,9,26.11,158.78,15,16,2,0,45,30.41%,66.38%,4.77,3.29,16.44,40.85%,9.25,67.52,"Short Length, Front Foot, Moves Front, Drive, Long On","Left-arm, Leg Break, Off Break, Flick, Sweep"
Calum Armstrong,Lower Order,8,113,147,8,14.12,76.87,11,0,0,0,71,48.30%,38.94%,13.36,2.07,18.38,0.00%,,50.74,"Back of Length, Outside Off, Wide Off, Cut, Point, Third Man","Yorker, In Swing, Hook, Fine Leg"
Cailean Weir,Middle Order,11,263,147,10,26.3,178.91,27,17,0,1,56,38.10%,79.85%,3.34,2.63,14.7,38.78%,8.65,51.46,"In Swing, Slog, Covers, Fine Leg","Back of Length, Yorker, Googly, Pull"
Euan MacLean,Power-Hitter,12,215,147,11,19.55,146.26,17,14,1,0,58,39.46%,70.70%,4.74,2.53,13.36,39.07%,10.5,54.31,"Wide Off, Down The Track, Off Break, Slower Ball, Pull, SlogSweep","Length Delivery, Yorker, Drive, Flick, Point, Fine Leg"
Rabbie Matheson,Power-Hitter,11,244,147,10,24.4,165.99,22,18,2,0,69,46.94%,80.33%,3.68,2.13,14.7,44.26%,8.17,44.86,"Full Toss, Moves Front, Off Break, Slog, Long On","Wide Off, Backs Away, Out Swing, Flick, Long Off, Third Man"
Christopher Somerville,Lower Order,13,162,146,12,13.5,110.96,19,2,0,0,61,41.78%,54.32%,6.95,2.39,12.17,7.41%,73.0,59.2,"Full Toss, Cut, Point, Mid Wicket","Left-arm, Hook, Fine Leg, Long Off"
Graeme Clark,Power-Hitter,15,183,146,13,14.08,125.34,13,4,0,0,25,17.12%,41.53%,8.59,5.84,11.23,13.11%,36.5,82.95,"Wide Off, Down The Track, Flick, Third Man","Back of Length, Off Cutter, SlogSweep, Sweep"
Iain Brodie,Lower Order,12,146,146,6,24.33,100.0,5,5,0,0,62,42.47%,34.25%,14.6,2.35,24.33,20.55%,29.2,70.59,"Yorker, Front Foot, Right-arm, Off Break, Long On","Back of Length, Short Length, Back Foot, Googly, Leg Break"
Kieran MacTaggart,Top-Order,6,162,146,6,27.0,110.96,20,6,1,0,79,54.11%,71.60%,5.62,1.85,24.33,22.22%,24.33,38.33,"On Stumps, Backs Away, Right-arm, Googly, Slog","Back of Length, Outside Off, In Swing, Covers"
Leslie Murdoch,Lower Order,12,167,146,11,15.18,114.38,12,7,1,0,62,42.47%,53.89%,7.68,2.35,13.27,25.15%,20.86,60.63,"On Stumps, Out Swing, SlogSweep, Mid Wicket, Long On","Wide Off, Back Foot, Backs Away, Googly, Hook, Point"
Niall Forsyth,Lower Order,11,154,146,11,14.0,105.48,9,7,0,0,65,44.52%,50.65%,9.13,2.25,13.27,27.27%,20.86,58.46,"Wide Off, Back Foot, Seam Away, Flick","Half Volley, Leg Break, Sweep, Long Off"
Archibald Sempill,Lower Order,15,156,146,12,13.0,106.85,8,8,0,0,63,43.15%,51.28%,9.13,2.32,12.17,30.77%,18.25,58.46,"Short Length, Down The Track, Pull, Square Leg","Outside Off, Off Cutter, Out Swing, Third Man"
Connor Rae,Power-Hitter,13,196,145,9,21.78,135.17,12,12,0,0,49,33.79%,61.22%,6.04,2.96,16.11,36.73%,12.08,62.81,"Full Toss, Down The Track, Slog, Mid Wicket, Third Man","Yorker, Outside Leg, Front Foot, In Swing, Fine Leg"
Angus Bannerman,Power-Hitter,21,208,145,15,13.87,143.45,13,18,0,0,73,50.34%,76.92%,4.68,1.99,9.67,51.92%,8.06,42.11,"On Stumps, Outside Leg, Down The Track, Slower Ball, Hook, SlogSweep, Long Off","Full Toss, Yorker, Moves Front, Left-arm, Seam Away, Third Man"
Sandy Colquhoun,Lower Order,8,131,144,7,18.71,90.97,9,0,0,0,56,38.89%,27.48%,16.0,2.57,20.57,0.00%,,70.37,"Yorker, Back Foot, Slower Ball, Slog, Point","Googly, Out Swing, SlogSweep, Covers"
Rory Leask,Lower Order,19,115,144,10,11.5,79.86,10,1,0,0,74,51.39%,40.00%,13.09,1.95,14.4,5.22%,144.0,51.88,"Yorker, Wide Off, Googly, Cut, Point","Full Toss, In Swing, SlogSweep, Mid Wicket"
Roy MacLachlan,Lower Order,9,143,144,7,20.43,99.31,17,3,0,0,79,54.86%,60.14%,7.2,1.82,20.57,12.59%,48.0,45.97,"Half Volley, Left-arm, Off Break, Seam Away, Sweep","Length Delivery, Short Length, On Stumps, Pull"
Jack Ferguson,Lower Order,12,131,144,7,18.71,90.97,10,3,1,0,71,49.31%,44.27%,11.08,2.03,20.57,13.74%,48.0,55.73,"Yorker, Down The Track, Front Foot, Leg Break, Slower Ball, Covers, Long Off","Back of Length, Back Foot, Seam Away, Cut, Hook, Point, Third Man"
Harris Hamilton,Lower Order,10,153,144,10,15.3,106.25,12,4,0,0,69,47.92%,47.06%,9.0,2.09,14.4,15.69%,36.0,63.28,"Full Toss, Moves Front, Right-arm, Out Swing","Yorker, Wide Off, In Swing, Pull"
Innes Farquharson,Lower Order,15,158,144,11,14.36,109.72,12,8,0,0,74,51.39%,60.76%,7.2,1.95,13.09,30.38%,18.0,50.0,"Half Volley, Short Length, Hook, Mid Wicket, Long Off","Outside Off, Right-arm, Point, Third Man"
Maxwell MacIver,Power-Hitter,12,201,144,11,18.27,139.58,12,12,1,0,53,36.81%,59.70%,6.0,2.72,13.09,35.82%,12.0,67.5,"On Stumps, Down The Track, SlogSweep, Point","Yorker, Outside Leg, Moves Front, Out Swing"
Tavish Maxwell,Middle Order,6,114,143,4,28.5,79.72,5,1,0,0,60,41.96%,22.81%,23.83,2.38,35.75,5.26%,143.0,64.23,"Yorker, Outside Off, Sweep, Square Leg","Half Volley, Length Delivery, Backs Away, Googly"
Hugh Erskine,Lower Order,10,139,143,8,17.38,97.2,10,3,0,0,61,42.66%,41.73%,11.0,2.34,17.88,12.95%,47.67,62.31,"Back of Length, Down The Track, Off Cutter, Slog","Short Length, Yorker, Outside Off, Drive"
Ranald Hume,Middle Order,7,188,143,6,31.33,131.47,22,5,2,0,13,9.09%,62.77%,5.3,11.0,23.83,15.96%,28.6,60.34,"Full Toss, Front Foot, In Swing, Drive, Sweep","Short Length, Back Foot, Down The Track, Point"
Murdo Hume,Lower Order,20,188,143,12,15.67,131.47,11,6,0,0,20,13.99%,42.55%,8.41,7.15,11.92,19.15%,23.83,85.71,"Short Length, Outside Off, Back Foot, Leg Break, Pull, Third Man","Half Volley, Yorker, On Stumps, Outside Leg, In Swing, Long On"
Logan Kirkwood,Power-Hitter,12,153,143,11,13.91,106.99,17,5,0,0,75,52.45%,64.05%,6.5,1.91,13.0,19.61%,28.6,45.45,"Down The Track, Cut, Sweep, Point","Yorker, Front Foot, Moves Front, In Swing"
Alistair Balfour,Lower Order,9,140,143,8,17.5,97.9,5,5,0,0,61,42.66%,35.71%,14.3,2.34,17.88,21.43%,28.6,67.67,"Outside Leg, Backs Away, Slog, Fine Leg","Length Delivery, Back Foot, Seam Away, Covers"
Roderick Maxwell,Power-Hitter,11,183,143,8,22.88,127.97,13,9,1,0,55,38.46%,57.92%,6.5,2.6,17.88,29.51%,15.89,63.64,"Moves Front, Flick, Mid Wicket, Long Off","Wide Off, Back Foot, Down The Track, Out Swing"
Grant Carmichael,Power-Hitter,24,228,143,14,16.29,159.44,19,12,0,0,31,21.68%,64.91%,4.61,4.61,10.21,31.58%,11.92,71.43,"Short Length, Outside Leg, Cut, SlogSweep, Square Leg","On Stumps, Down The Track, Slog, Covers"
Norman Hume,Power-Hitter,10,234,143,9,26.0,163.64,25,13,1,0,16,11.19%,76.07%,3.76,8.94,15.89,33.33%,11.0,53.33,"Down The Track, Moves Front, Slower Ball, Long On","Full Toss, In Swing, Hook, Square Leg, Fine Leg"
Gavin Dalgleish,Top-Order,6,266,143,5,53.2,186.01,16,17,2,1,34,23.78%,62.41%,4.33,4.21,28.6,38.35%,8.41,90.91,"Back of Length, Full Toss, Googly, Seam Away, Sweep","Half Volley, Length Delivery, Moves Front, Slog, Covers"
Brodie Murdoch,Lower Order,12,153,143,11,13.91,106.99,8,10,0,0,75,52.45%,60.13%,7.94,1.91,13.0,39.22%,14.3,48.8,"Back Foot, In Swing, SlogSweep, Mid Wicket","Outside Off, Googly, Sweep, Point"
Eoin MacLeod,Top-Order,6,164,142,6,27.33,115.49,14,0,1,0,43,30.28%,34.15%,10.14,3.3,23.67,0.00%,,84.38,"Back of Length, Length Delivery, Outside Off, Off Cutter, Drive, Covers","Short Length, Outside Leg, Backs Away, In Swing, Hook, SlogSweep, Square Leg"
Roy Barclay,Lower Order,7,136,142,7,19.43,95.77,6,3,0,0,52,36.62%,30.88%,15.78,2.73,20.29,13.24%,47.33,70.68,"Half Volley, Yorker, Googly, Slower Ball, Covers","Length Delivery, Short Length, Wide Off, Backs Away, Cut"
Roy Napier,Power-Hitter,14,168,142,12,14.0,118.31,15,5,0,0,57,40.14%,53.57%,7.1,2.49,11.83,17.86%,28.4,63.93,"Full Toss, On Stumps, Out Swing, Slower Ball, Mid Wicket","Wide Off, Backs Away, Googly, In Swing"
Grant Melville,Top-Order,5,171,142,5,34.2,120.42,19,10,1,0,78,54.93%,79.53%,4.9,1.82,28.4,35.09%,14.2,30.97,"Back of Length, Backs Away, Pull, Mid Wicket","Half Volley, Outside Off, Front Foot, Hook"
Sean Fyfe,Power-Hitter,11,239,142,10,23.9,168.31,13,18,1,0,5,3.52%,66.95%,4.58,28.4,14.2,45.19%,7.89,71.17,"Outside Off, Front Foot, Slog, Covers","On Stumps, Outside Leg, Sweep, Fine Leg"
Gregor Lauder,Top-Order,6,152,141,5,30.4,107.8,20,0,1,0,60,42.55%,52.63%,7.05,2.35,28.2,0.00%,,59.5,"Half Volley, Right-arm, Out Swing, Slog, Sweep","Short Length, Back Foot, Backs Away, Cut, Hook"
Craig Greig,Lower Order,9,166,141,8,20.75,117.73,20,3,1,0,66,46.81%,59.04%,6.13,2.14,17.63,10.84%,47.0,57.63,"Backs Away, In Swing, Cut, Third Man","Length Delivery, Moves Front, Googly, Square Leg"
Ruaridh Forbes,Top-Order,6,206,141,4,51.5,146.1,19,7,2,0,11,7.80%,57.28%,5.42,12.82,35.25,20.39%,20.14,76.52,"Half Volley, Backs Away, Slower Ball, Pull","Off Break, Hook, SlogSweep, Mid Wicket"
Harris MacAulay,Top-Order,6,193,141,3,64.33,136.88,11,7,0,0,9,6.38%,44.56%,7.83,15.67,47.0,21.76%,20.14,86.99,"Half Volley, Outside Off, Front Foot, Third Man","On Stumps, Down The Track, In Swing, Off Break"
Jack Gow,Power-Hitter,11,188,141,9,20.89,133.33,12,9,0,0,49,34.75%,54.26%,6.71,2.88,15.67,28.72%,15.67,71.67,"Short Length, Down The Track, Leg Break, Slower Ball, Sweep, Fine Leg","Outside Off, Wide Off, Seam Away, Cut, Drive, Third Man"
Jamie MacKenzie,Lower Order,14,158,141,14,11.29,112.06,12,9,0,0,73,51.77%,64.56%,6.71,1.93,10.07,34.18%,15.67,46.67,"On Stumps, Back Foot, In Swing, Mid Wicket, Fine Leg","Length Delivery, Down The Track, Out Swing, Covers"
Lachlan Irvine,Lower Order,9,122,140,7,17.43,87.14,10,1,0,0,57,40.71%,37.70%,12.73,2.46,20.0,4.92%,140.0,58.91,"Outside Leg, Backs Away, Off Break, Drive","Short Length, Back Foot, Leg Break, Hook"
Calum Findlay,Middle Order,7,153,140,7,21.86,109.29,16,2,1,0,60,42.86%,49.67%,7.78,2.33,20.0,7.84%,70.0,63.11,"On Stumps, Backs Away, In Swing, Cut, Sweep","Length Delivery, Down The Track, Off Cutter, Hook, Pull, Covers"
Sean MacArthur,Lower Order,9,107,140,9,11.89,76.43,13,3,0,0,94,67.14%,65.42%,8.75,1.49,15.56,16.82%,46.67,29.84,"On Stumps, Outside Off, Down The Track, Front Foot, Seam Away, Mid Wicket","Outside Leg, Backs Away, Googly, Hook, Pull, Fine Leg"
Murdo MacIntyre,Lower Order,15,157,140,10,15.7,112.14,11,5,0,0,41,29.29%,47.13%,8.75,3.41,14.0,19.11%,28.0,66.94,"Back of Length, Length Delivery, Back Foot, Off Break","Yorker, Backs Away, In Swing, Out Swing"
Roy Marshall,Middle Order,7,197,140,7,28.14,140.71,17,11,2,0,59,42.14%,68.02%,5.0,2.37,20.0,33.50%,12.73,56.25,"Short Length, Leg Break, Mid Wicket, Long Off","Yorker, Outside Leg, In Swing, Long On"
Angus Ogilvie,Middle Order,10,222,140,9,24.67,158.57,16,14,0,1,50,35.71%,66.67%,4.67,2.8,15.56,37.84%,10.0,67.27,"Back Foot, Out Swing, Square Leg, Long On","Wide Off, Right-arm, In Swing, Seam Away"
